time,accel_x_list,accel_y_list,accel_z_list,gyro_x_list,gyro_y_list,gyro_z_list,filename
2018-07-09T10:37:18.860904,0.871,0.369,0.052,-34.573,-27.012,-5.976,8_10_1.csv
2018-07-09T10:37:18.909033,1.051,0.215,0.301,-107.622,-6.585,16.585,8_10_1.csv
2018-07-09T10:37:18.951649,1.051,0.215,0.301,-142.134,21.89,23.902,8_10_1.csv
2018-07-09T10:37:18.993762,0.995,-0.137,0.188,-83.476,-0.488,8.598,8_10_1.csv
2018-07-09T10:37:19.040387,0.995,-0.137,0.188,45.61,-6.951,-16.037,8_10_1.csv
2018-07-09T10:37:19.088015,1.026,0.046,-0.26,148.781,-17.561,-59.024,8_10_1.csv
2018-07-09T10:37:19.135141,0.881,-0.056,0.036,108.293,9.756,-56.098,8_10_1.csv
2018-07-09T10:37:19.192305,0.881,-0.056,0.036,35.793,-6.768,16.28,8_10_1.csv
2018-07-09T10:37:19.250962,0.828,0.425,0.119,56.585,31.463,71.159,8_10_1.csv
2018-07-09T10:37:19.307112,0.724,0.462,-0.003,35.915,10.549,91.28,8_10_1.csv
2018-07-09T10:37:19.354239,0.724,0.462,-0.003,-25.793,-1.463,91.524,8_10_1.csv
2018-07-09T10:37:19.409888,0.729,0.587,0.06,-57.927,-0.061,76.098,8_10_1.csv
2018-07-09T10:37:19.451499,1.009,0.195,0.167,-132.378,-26.768,3.72,8_10_1.csv
2018-07-09T10:37:19.504140,1.009,0.195,0.167,-76.463,15.61,-43.415,8_10_1.csv
2018-07-09T10:37:19.560291,1.386,0.02,-0.062,-52.439,47.988,-51.341,8_10_1.csv
2018-07-09T10:37:19.604409,1.386,0.02,-0.062,59.146,54.146,-61.341,8_10_1.csv
2018-07-09T10:37:19.649530,1.718,0.439,-0.449,210.305,63.963,-106.768,8_10_1.csv
2018-07-09T10:37:19.697659,1.301,0.581,-0.12,9.939,-9.085,-61.159,8_10_1.csv
2018-07-09T10:37:19.742278,1.301,0.581,-0.12,-108.659,-58.415,-4.512,8_10_1.csv
2018-07-09T10:37:19.807453,0.289,-0.074,0.052,-141.829,-76.585,7.317,8_10_1.csv
2018-07-09T10:37:19.860093,-0.118,-0.418,0.404,-121.951,-4.573,-22.439,8_10_1.csv
2018-07-09T10:37:19.899198,-0.118,-0.418,0.404,-125.183,15.0,-4.512,8_10_1.csv
2018-07-09T10:37:19.944821,0.221,0.039,0.271,49.329,12.317,1.524,8_10_1.csv
2018-07-09T10:37:20.042081,1.728,0.626,-0.032,-2.073,-58.537,59.756,8_10_1.csv
2018-07-09T10:37:20.085698,1.728,0.626,-0.032,-27.317,6.037,89.634,8_10_1.csv
2018-07-09T10:37:20.145859,2.056,0.481,-0.445,44.573,-15.732,-7.561,8_10_1.csv
2018-07-09T10:37:20.209029,1.716,0.392,-0.138,-43.476,1.89,-45.122,8_10_1.csv
2018-07-09T10:37:20.258661,0.404,0.216,0.251,21.89,14.756,-37.5,8_10_1.csv
2018-07-09T10:37:20.305286,0.404,0.216,0.251,90.183,62.439,-50.915,8_10_1.csv
2018-07-09T10:37:20.353917,-0.58,-0.104,0.229,7.683,108.415,-53.171,8_10_1.csv
2018-07-09T10:37:20.400542,-0.58,-0.104,0.229,-48.476,57.195,-25.732,8_10_1.csv
2018-07-09T10:37:20.458196,-0.041,0.069,0.13,-16.585,-47.5,24.146,8_10_1.csv
2018-07-09T10:37:20.512843,1.48,0.331,0.006,-66.159,-86.22,48.049,8_10_1.csv
2018-07-09T10:37:20.553953,1.48,0.331,0.006,-28.049,-55.122,79.207,8_10_1.csv
2018-07-09T10:37:20.603160,2.09,0.552,-0.372,70.183,61.585,48.537,8_10_1.csv
2018-07-09T10:37:20.652904,2.09,0.552,-0.372,125.976,-2.317,-44.39,8_10_1.csv
2018-07-09T10:37:20.695017,1.965,0.612,-0.204,49.512,-14.512,-111.098,8_10_1.csv
2018-07-09T10:37:20.755178,0.882,0.345,0.079,-73.415,-2.866,-14.207,8_10_1.csv
2018-07-09T10:37:20.827372,-0.213,0.127,0.346,56.524,92.012,-17.622,8_10_1.csv
2018-07-09T10:37:20.867980,-0.213,0.127,0.346,-51.707,73.598,2.5,8_10_1.csv
2018-07-09T10:37:20.915107,-0.275,-0.133,0.157,-70.122,11.89,-23.415,8_10_1.csv
2018-07-09T10:37:20.978777,0.394,0.137,0.024,113.659,-10.305,-22.439,8_10_1.csv
2018-07-09T10:37:21.023898,0.394,0.137,0.024,136.281,-44.146,-7.988,8_10_1.csv
2018-07-09T10:37:21.085563,1.958,0.875,-0.177,92.439,-28.476,34.207,8_10_1.csv
2018-07-09T10:37:21.144221,2.238,0.895,-0.327,39.085,13.415,-14.878,8_10_1.csv
2018-07-09T10:37:21.195357,2.238,0.895,-0.327,52.134,-27.744,-47.561,8_10_1.csv
2018-07-09T10:37:21.243487,1.414,0.767,-0.135,-36.159,-24.329,16.646,8_10_1.csv
2018-07-09T10:37:21.290111,1.414,0.767,-0.135,6.28,15.366,22.012,8_10_1.csv
2018-07-09T10:37:21.396897,-0.587,-0.005,0.181,-85.976,54.634,-25.183,8_10_1.csv
2018-07-09T10:37:21.457622,-0.587,-0.005,0.181,-60.122,-99.268,-4.146,8_10_1.csv
2018-07-09T10:37:21.519788,0.092,0.254,0.194,-37.012,7.5,11.524,8_10_1.csv
2018-07-09T10:37:21.570424,1.195,0.488,0.056,-64.268,-102.683,26.159,8_10_1.csv
2018-07-09T10:37:21.619055,1.195,0.488,0.056,-53.659,-73.537,72.378,8_10_1.csv
2018-07-09T10:37:21.666180,2.229,0.687,-0.425,79.756,-33.598,-56.402,8_10_1.csv
2018-07-09T10:37:21.710299,2.026,0.861,-0.114,77.866,18.902,-97.317,8_10_1.csv
2018-07-09T10:37:21.772966,2.026,0.861,-0.114,-11.098,-8.659,-6.098,8_10_1.csv
2018-07-09T10:37:21.824104,0.809,0.57,0.298,76.768,38.72,-14.878,8_10_1.csv
2018-07-09T10:37:21.869224,-0.436,0.362,-0.033,-12.805,87.256,-41.098,8_10_1.csv
2018-07-09T10:37:21.914847,-0.436,0.362,-0.033,-229.695,132.317,-45.0,8_10_1.csv
2018-07-09T10:37:21.961973,-0.298,-0.555,-0.013,-199.939,-59.756,-54.39,8_10_1.csv
2018-07-09T10:37:22.009601,-0.298,-0.555,-0.013,10.305,-45.671,-12.622,8_10_1.csv
2018-07-09T10:37:22.073572,0.487,0.001,0.146,123.293,-79.512,31.28,8_10_1.csv
2018-07-09T10:37:22.124208,1.892,1.107,0.095,128.476,-43.171,47.439,8_10_1.csv
2018-07-09T10:37:22.169830,1.892,1.107,0.095,74.268,8.841,39.939,8_10_1.csv
2018-07-09T10:37:22.227484,2.158,0.924,-0.227,-21.524,-35.305,-3.963,8_10_1.csv
2018-07-09T10:37:22.274109,1.45,0.802,-0.067,34.085,7.744,-4.512,8_10_1.csv
2018-07-09T10:37:22.320734,1.45,0.802,-0.067,14.878,15.793,5.976,8_10_1.csv
2018-07-09T10:37:22.383903,0.326,0.435,0.117,-36.646,6.463,-2.622,8_10_1.csv
2018-07-09T10:37:22.442059,-0.529,-0.044,0.076,-179.878,124.817,-37.866,8_10_1.csv
2018-07-09T10:37:22.495703,-0.529,-0.044,0.076,-193.232,-15.976,-68.78,8_10_1.csv
2018-07-09T10:37:22.543832,0.085,-0.264,0.14,-45.976,-88.476,-53.232,8_10_1.csv
2018-07-09T10:37:22.587448,0.863,0.168,0.007,122.439,-2.378,13.78,8_10_1.csv
2018-07-09T10:37:22.636079,0.863,0.168,0.007,132.439,-65.122,50.915,8_10_1.csv
2018-07-09T10:37:22.751388,2.125,1.055,-0.071,12.744,-30.244,26.89,8_10_1.csv
2018-07-09T10:37:22.792999,2.125,1.055,-0.071,11.951,-8.598,25.061,8_10_1.csv
2018-07-09T10:37:22.837117,0.81,0.58,0.03,-36.463,7.744,48.171,8_10_1.csv
2018-07-09T10:37:22.884745,0.81,0.58,0.03,-26.585,0.427,22.073,8_10_1.csv
2018-07-09T10:37:22.931871,-0.116,0.245,0.17,-18.963,26.22,-27.317,8_10_1.csv
2018-07-09T10:37:22.993038,-0.468,-0.233,0.134,-134.146,66.524,-57.073,8_10_1.csv
2018-07-09T10:37:23.054204,-0.468,-0.233,0.134,-51.89,-48.476,-41.768,8_10_1.csv
2018-07-09T10:37:23.112362,0.256,0.022,0.071,53.78,-1.159,12.256,8_10_1.csv
2018-07-09T10:37:23.165506,1.467,0.529,-0.195,88.78,-43.476,20.549,8_10_1.csv
2018-07-09T10:37:23.227171,1.467,0.529,-0.195,156.342,10.793,-2.073,8_10_1.csv
2018-07-09T10:37:23.275801,2.233,1.071,-0.155,-85.976,-67.256,5.671,8_10_1.csv
2018-07-09T10:37:23.320421,1.941,0.923,0.126,-95.305,-23.902,23.171,8_10_1.csv
2018-07-09T10:37:23.379580,1.941,0.923,0.126,63.598,14.207,8.78,8_10_1.csv
2018-07-09T10:37:23.436732,0.634,0.814,0.025,-74.085,8.171,-2.073,8_10_1.csv
2018-07-09T10:37:23.478845,-0.434,0.001,0.024,-220.61,90.854,-21.341,8_10_1.csv
2018-07-09T10:37:23.524467,-0.434,0.001,0.024,-213.415,87.805,-43.78,8_10_1.csv
2018-07-09T10:37:23.572597,-0.362,-0.546,0.083,-54.268,-22.5,-39.878,8_10_1.csv
2018-07-09T10:37:23.622730,-0.362,-0.546,0.083,64.634,0.183,-8.049,8_10_1.csv
2018-07-09T10:37:23.686903,0.549,0.357,0.146,-2.561,-92.317,45.305,8_10_1.csv
2018-07-09T10:37:23.733527,1.898,1.126,0.231,40.732,-68.049,58.659,8_10_1.csv
2018-07-09T10:37:23.772633,1.898,1.126,0.231,-32.195,-36.524,64.634,8_10_1.csv
2018-07-09T10:37:23.821764,2.056,0.494,-0.256,-128.963,-38.476,31.524,8_10_1.csv
2018-07-09T10:37:23.868890,2.056,0.494,-0.256,-73.659,-27.5,-36.463,8_10_1.csv
2018-07-09T10:37:23.917521,1.718,0.616,-0.181,134.878,74.268,-59.329,8_10_1.csv
2018-07-09T10:37:23.974173,0.323,0.49,0.164,89.39,30.061,-44.634,8_10_1.csv
2018-07-09T10:37:24.025310,0.323,0.49,0.164,-6.768,36.037,-43.78,8_10_1.csv
2018-07-09T10:37:24.239401,0.842,0.228,0.0,-29.146,-78.72,30.427,8_10_1.csv
2018-07-09T10:37:24.288535,2.283,0.86,-0.173,36.341,21.646,57.012,8_10_1.csv
2018-07-09T10:37:24.337168,2.283,0.86,-0.173,78.293,24.512,54.695,8_10_1.csv
2018-07-09T10:37:24.382792,2.423,1.027,-0.024,26.28,-61.768,27.927,8_10_1.csv
2018-07-09T10:37:24.442455,0.905,0.812,0.069,101.281,25.793,-24.817,8_10_1.csv
2018-07-09T10:37:24.497606,0.905,0.812,0.069,-26.098,76.463,-27.073,8_10_1.csv
2018-07-09T10:37:24.619938,-0.422,0.139,0.162,-21.402,-46.585,-27.622,8_10_1.csv
2018-07-09T10:37:24.664056,-0.422,0.139,0.162,-114.756,-94.573,-12.866,8_10_1.csv
2018-07-09T10:37:24.727225,0.197,0.182,0.263,-81.524,-27.317,17.073,8_10_1.csv
2018-07-09T10:37:24.774853,1.273,0.153,-0.138,-29.878,-88.476,49.756,8_10_1.csv
2018-07-09T10:37:24.831505,1.273,0.153,-0.138,94.329,-16.28,71.829,8_10_1.csv
2018-07-09T10:37:24.883644,2.465,1.172,-0.422,188.537,52.195,-17.927,8_10_1.csv
2018-07-09T10:37:24.933778,1.989,0.875,0.077,-45.915,-60.549,-35.122,8_10_1.csv
2018-07-09T10:37:24.977395,1.989,0.875,0.077,-127.622,-49.329,6.159,8_10_1.csv
2018-07-09T10:37:25.033546,0.679,0.476,0.216,86.28,37.683,-14.756,8_10_1.csv
2018-07-09T10:37:25.086194,-0.46,0.085,0.11,-15.366,91.341,-36.037,8_10_1.csv
2018-07-09T10:37:25.148419,-0.46,0.085,0.11,-39.39,178.659,-22.927,8_10_1.csv
2018-07-09T10:37:25.199054,-0.385,-0.235,0.043,3.293,-94.573,12.439,8_10_1.csv
2018-07-09T10:37:25.242671,0.411,0.203,0.011,49.146,35.427,26.768,8_10_1.csv
2018-07-09T10:37:25.289797,0.411,0.203,0.011,59.207,-56.646,34.756,8_10_1.csv
2018-07-09T10:37:25.339430,2.065,0.942,-0.162,96.707,-82.866,43.902,8_10_1.csv
2018-07-09T10:37:25.384551,2.065,0.942,-0.162,59.634,34.512,39.878,8_10_1.csv
2018-07-09T10:37:25.479807,2.564,0.972,-0.15,-60.244,-35.488,-6.951,8_10_1.csv
2018-07-09T10:37:25.527936,1.331,0.672,-0.053,11.951,-23.232,-6.098,8_10_1.csv
2018-07-09T10:37:25.570550,-0.13,-0.063,0.001,-66.524,25.671,-29.756,8_10_1.csv
2018-07-09T10:37:25.618679,-0.13,-0.063,0.001,-78.171,120.976,-65.183,8_10_1.csv
2018-07-09T10:37:25.666807,-0.778,-0.583,-0.078,-26.707,160.366,-70.549,8_10_1.csv
2018-07-09T10:37:25.731982,0.321,0.247,0.3,-41.707,-151.159,46.098,8_10_1.csv
2018-07-09T10:37:25.789135,0.321,0.247,0.3,86.22,-83.659,74.268,8_10_1.csv
2018-07-09T10:37:25.843280,1.36,0.855,0.057,110.671,-36.463,9.512,8_10_1.csv
2018-07-09T10:37:25.883889,2.389,1.107,-0.481,-105.183,17.317,60.427,8_10_1.csv
2018-07-09T10:37:25.932018,2.389,1.107,-0.481,11.037,-50.244,32.378,8_10_1.csv
2018-07-09T10:37:25.978643,2.095,0.822,-0.33,114.817,13.293,-48.537,8_10_1.csv
2018-07-09T10:37:26.025268,2.095,0.822,-0.33,-52.927,-13.293,-52.195,8_10_1.csv
2018-07-09T10:37:26.084964,0.448,0.337,0.097,-102.927,25.976,-49.024,8_10_1.csv
2018-07-09T10:37:26.138107,-0.763,-0.567,0.012,-97.927,174.695,-83.354,8_10_1.csv
2018-07-09T10:37:26.180219,-0.763,-0.567,0.012,34.146,152.378,-59.573,8_10_1.csv
2018-07-09T10:37:26.230354,-0.193,0.038,0.057,20.488,-95.732,5.671,8_10_1.csv
2018-07-09T10:37:26.274973,-0.193,0.038,0.057,-12.744,-122.927,22.988,8_10_1.csv
2018-07-09T10:37:26.320596,0.607,0.292,0.054,7.5,5.0,28.659,8_10_1.csv
2018-07-09T10:37:26.382261,2.031,0.957,-0.213,26.768,-100.244,84.573,8_10_1.csv
2018-07-09T10:37:26.440918,2.031,0.957,-0.213,39.939,49.756,72.866,8_10_1.csv
2018-07-09T10:37:26.494060,2.049,1.008,-0.239,84.817,-57.622,-27.866,8_10_1.csv
2018-07-09T10:37:26.540184,1.668,0.792,-0.302,-45.305,-51.951,-22.073,8_10_1.csv
2018-07-09T10:37:26.588313,1.668,0.792,-0.302,-62.561,-0.671,12.317,8_10_1.csv
2018-07-09T10:37:26.633935,0.348,0.202,0.144,-50.244,20.61,-21.037,8_10_1.csv
2018-07-09T10:37:26.696102,-0.994,-0.348,-0.153,-118.902,295.0,-80.671,8_10_1.csv
2018-07-09T10:37:26.752754,-0.994,-0.348,-0.153,-98.476,53.78,-19.573,8_10_1.csv
2018-07-09T10:37:26.809907,0.254,-0.045,0.076,85.488,-77.073,34.39,8_10_1.csv
2018-07-09T10:37:26.899145,1.298,0.536,0.136,7.988,-109.207,37.561,8_10_1.csv
2018-07-09T10:37:26.951285,2.71,1.071,-0.4,34.512,17.561,33.659,8_10_1.csv
2018-07-09T10:37:26.993899,2.71,1.071,-0.4,135.61,28.537,-16.28,8_10_1.csv
2018-07-09T10:37:27.056066,1.664,1.06,-0.122,-62.988,-68.049,13.659,8_10_1.csv
2018-07-09T10:37:27.108707,0.093,0.102,0.108,-49.024,6.28,-9.146,8_10_1.csv
2018-07-09T10:37:27.166361,0.093,0.102,0.108,-92.622,78.049,-45.854,8_10_1.csv
2018-07-09T10:37:27.211482,-0.746,-0.448,-0.008,-17.073,24.695,-4.024,8_10_1.csv
2018-07-09T10:37:27.261115,0.064,0.112,0.103,-39.207,-126.585,53.659,8_10_1.csv
2018-07-09T10:37:27.306737,0.064,0.112,0.103,-51.829,-42.683,64.451,8_10_1.csv
2018-07-09T10:37:27.372413,1.405,0.484,-0.01,67.744,-81.585,58.415,8_10_1.csv
2018-07-09T10:37:27.421043,2.432,0.808,-0.104,82.5,67.5,-14.146,8_10_1.csv
2018-07-09T10:37:27.464660,2.432,0.808,-0.104,62.256,56.037,-62.805,8_10_1.csv
2018-07-09T10:37:27.511285,2.03,1.077,-0.289,25.671,-61.402,-52.073,8_10_1.csv
2018-07-09T10:37:27.558411,2.03,1.077,-0.289,-39.085,-46.89,19.939,8_10_1.csv
2018-07-09T10:37:27.607041,0.589,0.558,0.114,-47.866,-8.72,2.256,8_10_1.csv
2018-07-09T10:37:27.659683,-0.679,-0.462,0.104,-85.671,139.451,-88.171,8_10_1.csv
2018-07-09T10:37:27.705806,-0.679,-0.462,0.104,-94.939,79.756,-112.134,8_10_1.csv
2018-07-09T10:37:27.759450,-0.303,-0.436,0.066,-17.5,-51.402,-17.073,8_10_1.csv
2018-07-09T10:37:27.806576,-0.303,-0.436,0.066,55.183,-63.598,45.61,8_10_1.csv
2018-07-09T10:37:27.854204,0.532,0.181,-0.036,144.878,-34.207,36.585,8_10_1.csv
2018-07-09T10:37:27.899826,2.612,1.069,-0.355,86.28,-74.085,102.378,8_10_1.csv
2018-07-09T10:37:27.945448,2.612,1.069,-0.355,108.598,85.0,27.927,8_10_1.csv
2018-07-09T10:37:28.120947,0.725,0.671,-0.135,-81.585,2.927,51.951,8_10_1.csv
2018-07-09T10:37:28.216244,-0.287,-0.07,0.15,-120.854,-79.329,8.232,8_10_1.csv
2018-07-09T10:37:28.262868,-0.287,-0.07,0.15,-50.427,-137.012,37.988,8_10_1.csv
2018-07-09T10:37:28.310497,0.399,0.165,0.204,29.024,59.451,27.866,8_10_1.csv
2018-07-09T10:37:28.356289,0.399,0.165,0.204,4.756,-27.378,20.854,8_10_1.csv
2018-07-09T10:37:28.403917,2.217,0.651,-0.307,-22.134,-122.5,62.134,8_10_1.csv
2018-07-09T10:37:28.463075,2.888,0.876,-0.226,88.11,30.183,-24.756,8_10_1.csv
2018-07-09T10:37:28.511204,2.888,0.876,-0.226,64.939,10.061,-53.476,8_10_1.csv
2018-07-09T10:37:28.570864,0.897,0.641,0.278,95.061,-30.793,-45.244,8_10_1.csv
2018-07-09T10:37:28.616987,0.897,0.641,0.278,-11.89,19.268,-39.024,8_10_1.csv
2018-07-09T10:37:28.666119,-0.606,-0.288,-0.001,-62.622,192.073,-90.305,8_10_1.csv
2018-07-09T10:37:28.712242,-0.421,-0.228,0.049,38.415,-18.841,-35.671,8_10_1.csv
2018-07-09T10:37:28.759369,-0.421,-0.228,0.049,7.5,-113.537,7.012,8_10_1.csv
2018-07-09T10:37:28.812010,0.354,0.101,0.03,14.024,31.341,13.902,8_10_1.csv
2018-07-09T10:37:28.851115,0.354,0.101,0.03,42.134,12.012,23.476,8_10_1.csv
2018-07-09T10:37:28.898241,1.945,0.813,-0.424,184.817,16.22,61.707,8_10_1.csv
2018-07-09T10:37:28.946871,2.802,1.468,-0.503,75.183,10.732,65.549,8_10_1.csv
2018-07-09T10:37:28.992498,2.802,1.468,-0.503,-72.927,-80.549,39.146,8_10_1.csv
2018-07-09T10:37:29.040126,1.125,0.682,0.208,-24.573,-54.146,-28.659,8_10_1.csv
2018-07-09T10:37:29.097280,1.125,0.682,0.208,-8.78,12.256,-34.573,8_10_1.csv
2018-07-09T10:37:29.156437,-0.367,-0.016,0.092,-40.366,180.854,-43.841,8_10_1.csv
2018-07-09T10:37:29.198550,-0.743,-0.021,0.062,-71.28,76.707,-1.829,8_10_1.csv
2018-07-09T10:37:29.245175,-0.743,-0.021,0.062,-178.781,-167.805,10.854,8_10_1.csv
2018-07-09T10:37:29.296312,0.157,-0.192,0.05,-66.707,-8.841,7.683,8_10_1.csv
2018-07-09T10:37:29.353465,1.607,0.579,-0.265,91.707,-123.963,-15.976,8_10_1.csv
2018-07-09T10:37:29.414128,1.607,0.579,-0.265,161.707,-50.793,-17.805,8_10_1.csv
2018-07-09T10:37:29.477296,2.645,1.356,-0.378,-83.476,-49.878,74.024,8_10_1.csv
2018-07-09T10:37:29.527431,1.863,0.639,0.013,-61.646,-14.817,-16.402,8_10_1.csv
2018-07-09T10:37:29.612659,0.404,0.599,-0.112,15.915,-0.915,-24.39,8_10_1.csv
2018-07-09T10:37:29.658281,0.404,0.599,-0.112,-124.573,56.707,-31.829,8_10_1.csv
2018-07-09T10:37:29.713429,-0.845,-0.44,0.045,29.817,119.817,-46.341,8_10_1.csv
2018-07-09T10:37:29.774593,-0.108,-0.072,0.19,-0.61,-197.439,37.073,8_10_1.csv
2018-07-09T10:37:29.822221,0.552,0.233,0.069,-53.598,76.646,23.841,8_10_1.csv
2018-07-09T10:37:29.868846,0.552,0.233,0.069,-66.707,-120.976,47.744,8_10_1.csv
2018-07-09T10:37:29.915470,2.836,0.796,-0.556,-23.171,-115.671,85.0,8_10_1.csv
2018-07-09T10:37:29.981648,2.836,0.796,-0.556,198.963,84.573,-11.22,8_10_1.csv
2018-07-09T10:37:30.023761,2.39,1.131,-0.37,-17.805,-111.646,-41.037,8_10_1.csv
2018-07-09T10:37:30.075399,0.588,0.765,-0.18,-37.805,-28.415,-32.073,8_10_1.csv
2018-07-09T10:37:30.148626,-0.654,-0.266,0.16,-201.829,85.915,-35.793,8_10_1.csv
2018-07-09T10:37:30.196253,-0.654,-0.266,0.16,-59.817,152.744,-80.671,8_10_1.csv
2018-07-09T10:37:30.245385,-0.358,-0.189,0.324,-29.146,-96.159,-31.463,8_10_1.csv
2018-07-09T10:37:30.290505,-0.358,-0.189,0.324,-79.39,-88.537,4.756,8_10_1.csv
2018-07-09T10:37:30.350667,0.316,0.069,0.047,45.671,-50.061,-21.951,8_10_1.csv
2018-07-09T10:37:30.400801,2.15,1.424,-0.66,188.354,-80.854,-20.244,8_10_1.csv
2018-07-09T10:37:30.445765,2.15,1.424,-0.66,204.756,48.72,-11.28,8_10_1.csv
2018-07-09T10:37:30.493393,2.509,1.914,-0.425,73.171,56.524,30.427,8_10_1.csv
2018-07-09T10:37:30.540018,2.509,1.914,-0.425,2.012,-27.683,-20.671,8_10_1.csv
2018-07-09T10:37:30.588147,0.461,0.319,0.118,-82.195,103.842,-31.829,8_10_1.csv
2018-07-09T10:37:30.649311,-0.773,-0.461,0.028,-95.122,170.793,-49.085,8_10_1.csv
2018-07-09T10:37:30.718998,-0.029,-0.051,0.126,8.841,-120.305,-6.646,8_10_1.csv
2018-07-09T10:37:30.759105,-0.029,-0.051,0.126,11.098,70.366,-9.085,8_10_1.csv
2018-07-09T10:37:30.809245,0.164,-0.225,0.064,-2.866,65.366,-4.756,8_10_1.csv
2018-07-09T10:37:30.853365,0.164,-0.225,0.064,117.744,36.707,18.354,8_10_1.csv
2018-07-09T10:37:30.947117,2.208,1.117,-1.234,552.195,103.171,-40.854,8_10_1.csv
2018-07-09T10:37:30.992739,2.134,2.476,-0.607,-323.049,-215.061,114.329,8_10_1.csv
2018-07-09T10:37:31.040366,0.595,0.823,-0.333,-198.72,-83.902,84.146,8_10_1.csv
2018-07-09T10:37:31.090500,0.595,0.823,-0.333,-162.805,2.073,72.561,8_10_1.csv
2018-07-09T10:37:31.133616,-0.54,-0.438,0.111,-119.451,16.707,-5.244,8_10_1.csv
2018-07-09T10:37:31.181745,-0.54,-0.438,0.111,-42.805,100.0,-83.476,8_10_1.csv
2018-07-09T10:37:31.243410,-0.361,-0.444,0.158,37.073,-116.951,2.134,8_10_1.csv
2018-07-09T10:37:31.292040,0.4,0.265,-0.065,27.195,19.451,18.476,8_10_1.csv
2018-07-09T10:37:31.349695,0.4,0.265,-0.065,-37.561,64.39,56.951,8_10_1.csv
2018-07-09T10:37:31.408352,1.603,0.792,-0.309,52.561,-53.659,129.878,8_10_1.csv
2018-07-09T10:37:31.447457,2.839,1.315,-0.398,56.768,-35.427,53.171,8_10_1.csv
2018-07-09T10:37:31.493580,2.839,1.315,-0.398,92.012,37.317,-64.085,8_10_1.csv
2018-07-09T10:37:31.544216,1.528,0.91,-0.139,-34.085,-30.976,-48.841,8_10_1.csv
2018-07-09T10:37:31.584824,1.528,0.91,-0.139,-77.805,-22.134,-7.866,8_10_1.csv
2018-07-09T10:37:31.652506,-0.134,-0.003,-0.118,-113.842,80.122,-66.159,8_10_1.csv
2018-07-09T10:37:31.707152,-0.901,-0.233,0.025,-108.11,188.598,-51.707,8_10_1.csv
2018-07-09T10:37:31.759292,0.292,0.089,0.095,-118.049,-257.134,51.768,8_10_1.csv
2018-07-09T10:37:31.806920,0.292,0.089,0.095,-81.341,-45.976,29.451,8_10_1.csv
2018-07-09T10:37:31.854046,1.191,0.182,-0.115,-47.134,5.244,11.402,8_10_1.csv
2018-07-09T10:37:31.898825,1.191,0.182,-0.115,25.183,-101.524,15.61,8_10_1.csv
2018-07-09T10:37:31.958484,2.48,0.892,-0.668,267.134,34.085,-62.073,8_10_1.csv
2018-07-09T10:37:32.030678,2.028,1.447,-0.189,87.317,-65.793,-17.317,8_10_1.csv
2018-07-09T10:37:32.072790,2.028,1.447,-0.189,28.354,-10.122,-25.244,8_10_1.csv
2018-07-09T10:37:32.117410,0.422,0.565,-0.051,-155.61,72.256,-4.939,8_10_1.csv
2018-07-09T10:37:32.166542,-0.816,-0.521,0.012,-72.683,166.159,-63.354,8_10_1.csv
2018-07-09T10:37:32.211662,-0.816,-0.521,0.012,-2.256,112.439,-38.537,8_10_1.csv
2018-07-09T10:37:32.306918,-0.313,-0.076,-0.018,-9.756,-63.78,23.537,8_10_1.csv
2018-07-09T10:37:32.359057,0.701,0.319,-0.071,69.878,-124.268,30.671,8_10_1.csv
2018-07-09T10:37:32.399666,2.519,1.319,-0.483,116.524,-79.085,15.183,8_10_1.csv
2018-07-09T10:37:32.445288,2.519,1.319,-0.483,-26.89,17.195,60.488,8_10_1.csv
2018-07-09T10:37:32.494922,2.271,1.068,-0.171,3.415,-33.476,16.463,8_10_1.csv
2018-07-09T10:37:32.540543,2.271,1.068,-0.171,143.354,23.476,-62.866,8_10_1.csv
2018-07-09T10:37:32.600203,0.671,0.797,-0.122,-128.293,46.585,-2.622,8_10_1.csv
2018-07-09T10:37:32.651841,-0.443,-0.333,-0.001,-132.866,77.866,-35.976,8_10_1.csv
2018-07-09T10:37:32.696461,-0.443,-0.333,-0.001,-69.573,122.256,-56.585,8_10_1.csv
2018-07-09T10:37:32.744089,-0.495,-0.187,0.174,-24.451,6.524,-22.378,8_10_1.csv
2018-07-09T10:37:32.790713,-0.495,-0.187,0.174,-68.537,-119.085,42.134,8_10_1.csv
2018-07-09T10:37:32.838842,0.256,0.131,0.06,-60.61,-20.854,61.463,8_10_1.csv
2018-07-09T10:37:32.898001,1.689,0.622,-0.42,53.902,-84.512,72.988,8_10_1.csv
2018-07-09T10:37:32.968690,2.362,1.094,-0.374,172.378,73.476,-24.146,8_10_1.csv
2018-07-09T10:37:33.009299,2.362,1.094,-0.374,104.329,-9.39,-56.402,8_10_1.csv
2018-07-09T10:37:33.056926,1.965,0.955,0.256,-59.817,-42.561,-14.512,8_10_1.csv
2018-07-09T10:37:33.106801,1.965,0.955,0.256,70.244,-22.805,-7.439,8_10_1.csv
2018-07-09T10:37:33.149917,0.564,0.619,-0.155,15.122,7.012,-17.073,8_10_1.csv
2018-07-09T10:37:33.210078,-0.544,0.018,-0.006,-94.268,85.183,-44.024,8_10_1.csv
2018-07-09T10:37:33.264223,-0.544,0.018,-0.006,-44.573,97.988,-54.085,8_10_1.csv
2018-07-09T10:37:33.305333,-0.558,-0.252,0.108,-70.122,-25.427,-41.829,8_10_1.csv
2018-07-09T10:37:33.352459,-0.558,-0.252,0.108,-57.073,-100.915,-4.878,8_10_1.csv
2018-07-09T10:37:33.401089,0.182,-0.004,0.055,-10.854,-64.695,36.22,8_10_1.csv
2018-07-09T10:37:33.445709,2.261,1.155,0.014,-44.329,-92.378,89.39,8_10_1.csv
2018-07-09T10:37:33.523918,2.612,0.34,-0.362,-78.232,-24.207,68.415,8_10_1.csv
2018-07-09T10:37:33.577061,2.612,0.34,-0.362,39.817,3.537,-84.329,8_10_1.csv
2018-07-09T10:37:33.784122,-0.26,-0.167,0.397,-30.183,1.463,-56.951,8_10_1.csv
2018-07-09T10:37:33.820219,-0.26,-0.167,0.397,-69.512,9.451,-74.024,8_10_1.csv
2018-07-09T10:37:33.870857,-0.54,-0.218,0.074,-32.866,95.244,-27.195,8_10_1.csv
2018-07-09T10:37:33.916980,-0.54,-0.218,0.074,47.683,12.317,26.951,8_10_1.csv
2018-07-09T10:37:33.972630,0.616,0.369,-0.097,23.293,-40.854,111.585,8_10_1.csv
2018-07-09T10:37:34.028780,2.605,1.207,-0.495,36.646,4.634,127.866,8_10_1.csv
2018-07-09T10:37:34.076407,2.605,1.207,-0.495,143.963,75.366,13.659,8_10_1.csv
2018-07-09T10:37:34.127545,2.407,0.772,-0.27,-75.549,-77.988,-138.598,8_10_1.csv
2018-07-09T10:37:34.181690,0.799,0.515,0.07,-79.146,-25.244,-51.22,8_10_1.csv
2018-07-09T10:37:34.227312,0.799,0.515,0.07,-17.256,-38.841,18.11,8_10_1.csv
2018-07-09T10:37:34.276945,-0.611,-0.026,0.307,-33.841,50.366,-12.927,8_10_1.csv
2018-07-09T10:37:34.321564,-0.611,-0.026,0.307,-110.61,151.037,-41.768,8_10_1.csv
2018-07-09T10:37:34.368690,-0.431,-0.014,0.294,-191.829,-242.927,74.634,8_10_1.csv
2018-07-09T10:37:34.416819,0.768,0.151,0.002,-87.073,-39.634,72.622,8_10_1.csv
2018-07-09T10:37:34.465450,0.768,0.151,0.002,40.549,41.28,23.963,8_10_1.csv
2018-07-09T10:37:34.525110,1.827,0.374,-0.336,75.488,-23.476,-9.207,8_10_1.csv
2018-07-09T10:37:34.573740,2.355,0.978,-0.429,177.866,75.122,-70.427,8_10_1.csv
2018-07-09T10:37:34.618861,2.355,0.978,-0.429,188.171,38.415,-43.902,8_10_1.csv
2018-07-09T10:37:34.664483,1.414,1.201,-0.119,37.561,-5.427,46.951,8_10_1.csv
2018-07-09T10:37:34.715118,1.414,1.201,-0.119,-43.415,-35.671,63.659,8_10_1.csv
2018-07-09T10:37:34.759738,-0.018,0.179,0.169,-60.366,-3.232,2.561,8_10_1.csv
2018-07-09T10:37:34.822406,-0.875,-0.216,0.141,16.098,179.878,-63.841,8_10_1.csv
2018-07-09T10:37:34.876049,-0.875,-0.216,0.141,-4.39,-59.268,-2.317,8_10_1.csv
2018-07-09T10:37:34.923677,-0.066,-0.148,-0.125,20.488,-48.049,17.561,8_10_1.csv
2018-07-09T10:37:35.034474,1.088,0.646,-0.237,295.793,-20.061,1.159,8_10_1.csv
2018-07-09T10:37:35.071573,2.55,1.788,0.283,17.683,32.683,-0.488,8_10_1.csv
2018-07-09T10:37:35.119201,2.55,1.788,0.283,-232.5,15.854,4.512,8_10_1.csv
2018-07-09T10:37:35.175853,1.763,1.104,0.008,-73.902,-47.805,63.232,8_10_1.csv
2018-07-09T10:37:35.231527,0.532,0.465,-0.15,-4.756,-8.659,56.098,8_10_1.csv
2018-07-09T10:37:35.274142,0.532,0.465,-0.15,10.305,12.195,11.28,8_10_1.csv
2018-07-09T10:37:35.320265,-0.372,-0.044,0.018,-0.366,47.683,-40.549,8_10_1.csv
2018-07-09T10:37:35.369898,-0.372,-0.044,0.018,-70.122,80.061,-54.451,8_10_1.csv
2018-07-09T10:37:35.416021,-0.153,-0.228,0.136,-72.195,-88.537,-17.683,8_10_1.csv
2018-07-09T10:37:35.483703,0.52,0.044,0.052,44.512,36.402,10.244,8_10_1.csv
2018-07-09T10:37:35.545368,1.536,0.852,0.008,152.317,6.341,-6.951,8_10_1.csv
2018-07-09T10:37:35.587982,1.536,0.852,0.008,75.854,-35.854,13.415,8_10_1.csv
2018-07-09T10:37:35.636111,2.264,1.645,0.021,37.378,-22.195,11.646,8_10_1.csv
2018-07-09T10:37:35.682235,2.264,1.645,0.021,106.22,-7.683,-20.366,8_10_1.csv
2018-07-09T10:37:35.751921,1.386,1.167,-0.066,-152.195,-57.866,64.451,8_10_1.csv
2018-07-09T10:37:35.811080,0.376,0.031,-0.017,-96.585,-46.402,19.146,8_10_1.csv
2018-07-09T10:37:35.856702,-0.44,-0.51,-0.045,-112.622,68.049,-61.585,8_10_1.csv
2018-07-09T10:37:35.904329,-0.44,-0.51,-0.045,-51.524,118.537,-60.305,8_10_1.csv
2018-07-09T10:37:35.949450,-0.271,-0.26,0.058,38.171,-1.768,-27.561,8_10_1.csv
2018-07-09T10:37:36.004097,-0.271,-0.26,0.058,42.012,-39.939,2.439,8_10_1.csv
2018-07-09T10:37:36.062754,0.782,0.453,0.072,120.122,-77.866,55.366,8_10_1.csv
2018-07-09T10:37:36.102360,3.019,1.438,-0.599,111.037,-53.72,64.268,8_10_1.csv
2018-07-09T10:37:36.148985,3.019,1.438,-0.599,75.732,7.927,39.939,8_10_1.csv
2018-07-09T10:37:36.197615,2.04,1.347,-0.085,117.805,-7.256,-45.732,8_10_1.csv
2018-07-09T10:37:36.243739,2.04,1.347,-0.085,40.854,1.951,1.951,8_10_1.csv
2018-07-09T10:37:36.300390,0.192,0.548,0.084,-242.622,52.5,7.805,8_10_1.csv
2018-07-09T10:37:36.391140,-0.725,-0.48,-0.21,-230.122,46.829,-63.232,8_10_1.csv
2018-07-09T10:37:36.430746,-0.172,-0.19,0.058,-74.878,2.866,-82.805,8_10_1.csv
2018-07-09T10:37:36.478875,-0.172,-0.19,0.058,44.146,-10.122,0.732,8_10_1.csv
2018-07-09T10:37:36.524497,0.337,0.346,0.314,30.854,13.78,29.268,8_10_1.csv
2018-07-09T10:37:36.581148,2.166,1.057,0.505,27.866,-57.683,48.902,8_10_1.csv
2018-07-09T10:37:36.636296,2.166,1.057,0.505,84.573,-55.61,73.293,8_10_1.csv
2018-07-09T10:37:36.679412,2.93,0.977,-0.126,62.5,-60.671,84.085,8_10_1.csv
2018-07-09T10:37:36.750101,0.903,0.682,0.196,100.732,35.305,-63.293,8_10_1.csv
2018-07-09T10:37:36.792715,0.903,0.682,0.196,45.244,-32.134,10.366,8_10_1.csv
2018-07-09T10:37:36.853378,-0.574,-0.198,0.154,-57.439,43.171,-25.122,8_10_1.csv
2018-07-09T10:37:36.904013,-0.292,-0.107,0.204,-20.305,-43.598,-47.195,8_10_1.csv
2018-07-09T10:37:36.944622,-0.292,-0.107,0.204,-15.122,-82.744,-7.195,8_10_1.csv
2018-07-09T10:37:36.993253,0.155,0.192,0.187,20.0,102.378,14.939,8_10_1.csv
2018-07-09T10:37:37.041883,0.155,0.192,0.187,69.268,16.524,18.72,8_10_1.csv
2018-07-09T10:37:37.088508,1.792,0.49,-0.077,79.146,-54.451,57.378,8_10_1.csv
2018-07-09T10:37:37.145661,3.116,1.323,-0.1,197.683,149.207,47.012,8_10_1.csv
2018-07-09T10:37:37.200402,3.116,1.323,-0.1,350.0,157.927,-51.89,8_10_1.csv
2018-07-09T10:37:37.243016,0.857,1.203,0.393,10.854,-65.183,46.768,8_10_1.csv
2018-07-09T10:37:37.290644,0.857,1.203,0.393,-192.256,-138.902,128.902,8_10_1.csv
2018-07-09T10:37:37.339274,-0.562,0.222,0.126,-61.524,-49.329,90.732,8_10_1.csv
2018-07-09T10:37:37.383392,-0.37,0.007,0.283,-19.329,-49.268,-5.854,8_10_1.csv
2018-07-09T10:37:37.446060,-0.37,0.007,0.283,26.89,11.707,-3.11,8_10_1.csv
2018-07-09T10:37:37.496696,-0.125,0.048,-0.094,74.573,95.305,2.561,8_10_1.csv
2018-07-09T10:37:37.544323,1.453,0.729,-0.055,119.756,-54.329,-58.72,8_10_1.csv
2018-07-09T10:37:37.589445,1.453,0.729,-0.055,17.439,-31.524,-26.585,8_10_1.csv
2018-07-09T10:37:37.640581,2.89,0.977,-0.447,-171.463,-68.293,48.659,8_10_1.csv
2018-07-09T10:37:37.842550,0.068,0.495,0.035,29.573,84.878,-54.329,8_10_1.csv
2018-07-09T10:37:37.895693,-1.189,0.191,-0.301,-75.915,305.244,-71.28,8_10_1.csv
2018-07-09T10:37:37.949840,0.472,-0.517,0.322,-244.878,-463.476,-128.293,8_10_1.csv
2018-07-09T10:37:38.010001,0.472,-0.517,0.322,-24.451,-35.427,45.244,8_10_1.csv
2018-07-09T10:37:38.059133,1.125,0.175,0.027,127.134,108.171,24.146,8_10_1.csv
2018-07-09T10:37:38.106259,2.526,1.052,-0.529,61.402,-14.695,25.305,8_10_1.csv
2018-07-09T10:37:38.151380,2.526,1.052,-0.529,97.134,105.061,3.11,8_10_1.csv
2018-07-09T10:37:38.217056,2.183,0.976,-0.062,122.744,-6.89,14.817,8_10_1.csv
2018-07-09T10:37:38.262177,2.183,0.976,-0.062,127.195,-66.28,25.061,8_10_1.csv
2018-07-09T10:37:38.307799,0.525,1.036,0.012,-114.085,75.793,22.683,8_10_1.csv
2018-07-09T10:37:38.352419,-0.823,-0.406,0.032,-198.781,166.524,-19.878,8_10_1.csv
2018-07-09T10:37:38.402052,-0.823,-0.406,0.032,-100.732,241.768,-46.707,8_10_1.csv
2018-07-09T10:37:38.445167,-0.348,-0.017,0.004,-60.732,-72.073,99.573,8_10_1.csv
2018-07-09T10:37:38.520368,0.521,0.396,0.008,75.854,-16.098,21.89,8_10_1.csv
2018-07-09T10:37:38.582535,0.521,0.396,0.008,120.305,3.659,-36.829,8_10_1.csv
2018-07-09T10:37:38.633672,1.902,0.762,-0.153,-17.744,-30.793,-6.829,8_10_1.csv
2018-07-09T10:37:38.680798,2.858,0.802,-0.342,7.378,-42.866,-6.098,8_10_1.csv
2018-07-09T10:37:38.729428,2.858,0.802,-0.342,15.305,-28.72,-35.366,8_10_1.csv
2018-07-09T10:37:38.774048,1.411,0.735,0.025,25.366,-18.902,-42.439,8_10_1.csv
2018-07-09T10:37:38.834711,-0.162,-0.094,0.198,-131.098,-0.549,-45.549,8_10_1.csv
2018-07-09T10:37:38.890861,-0.162,-0.094,0.198,-92.683,78.78,-83.171,8_10_1.csv
2018-07-09T10:37:38.931971,-0.441,-0.23,0.111,-42.256,14.634,-31.524,8_10_1.csv
2018-07-09T10:37:39.000154,0.003,-0.179,0.129,-61.463,-16.585,30.793,8_10_1.csv
2018-07-09T10:37:39.044773,0.003,-0.179,0.129,-17.927,32.5,16.098,8_10_1.csv
2018-07-09T10:37:39.166098,2.914,1.273,-0.82,145.793,48.72,34.878,8_10_1.csv
2018-07-09T10:37:39.227764,2.914,1.273,-0.82,219.207,99.573,-5.549,8_10_1.csv
2018-07-09T10:37:39.283413,2.244,0.878,-0.055,-83.659,-114.756,-37.5,8_10_1.csv
2018-07-09T10:37:39.337557,0.418,0.241,0.284,-46.89,36.707,-8.415,8_10_1.csv
2018-07-09T10:37:39.384183,0.418,0.241,0.284,-104.085,94.939,-41.159,8_10_1.csv
2018-07-09T10:37:39.432311,-0.767,-0.298,0.008,-18.476,-7.134,-15.244,8_10_1.csv
2018-07-09T10:37:39.492974,-0.026,-0.162,-0.072,-11.22,-106.768,29.939,8_10_1.csv
2018-07-09T10:37:39.553288,0.466,0.261,0.042,40.549,54.085,0.793,8_10_1.csv
2018-07-09T10:37:39.613951,0.466,0.261,0.042,52.927,-61.341,17.866,8_10_1.csv
2018-07-09T10:37:39.665589,2.054,1.067,-0.008,118.354,-3.415,15.549,8_10_1.csv
2018-07-09T10:37:39.712214,2.054,1.067,-0.008,134.939,81.28,-28.841,8_10_1.csv
2018-07-09T10:37:39.761847,2.45,0.995,-0.586,9.39,-72.134,-22.378,8_10_1.csv
2018-07-09T10:37:39.806968,1.239,0.861,-0.387,12.256,15.854,-15.183,8_10_1.csv
2018-07-09T10:37:39.864121,1.239,0.861,-0.387,-86.524,-6.524,17.317,8_10_1.csv
2018-07-09T10:37:39.902724,-0.176,-0.099,0.351,-132.805,24.207,-10.0,8_10_1.csv
2018-07-09T10:37:39.961883,-0.448,-0.392,0.232,-50.732,42.805,-1.951,8_10_1.csv
2018-07-09T10:37:40.009009,-0.448,-0.392,0.232,36.037,-44.512,23.72,8_10_1.csv
2018-07-09T10:37:40.055635,0.087,0.263,-0.036,25.366,-7.134,25.488,8_10_1.csv
2018-07-09T10:37:40.102760,0.087,0.263,-0.036,-29.451,30.305,27.317,8_10_1.csv
2018-07-09T10:37:40.161919,0.934,0.464,-0.04,-12.317,-61.463,72.256,8_10_1.csv
2018-07-09T10:37:40.225088,2.677,0.709,-0.282,-8.354,-35.305,73.72,8_10_1.csv
2018-07-09T10:37:40.273718,2.677,0.709,-0.282,53.841,51.098,5.061,8_10_1.csv
2018-07-09T10:37:40.320343,2.409,0.631,-0.153,56.524,-45.244,-61.341,8_10_1.csv
2018-07-09T10:37:40.370478,0.66,0.628,-0.021,46.585,-1.646,-55.732,8_10_1.csv
2018-07-09T10:37:40.415598,0.66,0.628,-0.021,-64.329,-9.756,-37.073,8_10_1.csv
2018-07-09T10:37:40.553969,-0.258,-0.18,0.271,-85.122,-115.732,13.476,8_10_1.csv
2018-07-09T10:37:40.606610,0.376,0.354,0.226,-52.195,31.951,36.951,8_10_1.csv
2018-07-09T10:37:40.649726,0.376,0.354,0.226,-80.915,-21.463,47.805,8_10_1.csv
2018-07-09T10:37:40.697854,1.631,0.43,-0.19,-43.232,-44.573,79.207,8_10_1.csv
2018-07-09T10:37:40.760021,2.8,0.87,-0.734,180.976,11.159,-4.878,8_10_1.csv
2018-07-09T10:37:40.814668,2.8,0.87,-0.734,172.256,77.927,-90.488,8_10_1.csv
2018-07-09T10:37:40.872322,1.619,0.833,0.009,-2.866,-33.963,-75.244,8_10_1.csv
2018-07-09T10:37:40.919448,0.035,0.076,0.178,-54.451,-12.866,-23.049,8_10_1.csv
2018-07-09T10:37:40.966073,0.035,0.076,0.178,-58.537,82.012,-54.573,8_10_1.csv
2018-07-09T10:37:41.009690,-0.639,-0.424,0.242,-29.939,108.537,-86.098,8_10_1.csv
2018-07-09T10:37:41.075366,-0.639,-0.424,0.242,-42.927,-61.951,-23.598,8_10_1.csv
2018-07-09T10:37:41.186769,1.133,0.502,-0.192,148.11,5.061,52.195,8_10_1.csv
2018-07-09T10:37:41.242417,2.609,1.371,-0.587,138.171,3.415,46.159,8_10_1.csv
2018-07-09T10:37:41.294056,2.609,1.371,-0.587,31.22,-8.293,-54.939,8_10_1.csv
2018-07-09T10:37:41.340179,2.167,1.271,0.01,-61.402,-78.537,-19.573,8_10_1.csv
2018-07-09T10:37:41.394325,2.167,1.271,0.01,-41.341,31.951,-12.134,8_10_1.csv
2018-07-09T10:37:41.445963,0.304,0.469,0.079,-74.939,12.988,-70.549,8_10_1.csv
2018-07-09T10:37:41.493089,-0.699,-0.489,-0.014,-32.012,107.622,-107.073,8_10_1.csv
2018-07-09T10:37:41.540215,-0.699,-0.489,-0.014,-16.037,11.098,-56.463,8_10_1.csv
2018-07-09T10:37:41.586840,-0.111,-0.111,0.082,-39.39,-62.134,20.366,8_10_1.csv
2018-07-09T10:37:41.645497,0.644,0.241,0.208,-104.329,-25.305,101.098,8_10_1.csv
2018-07-09T10:37:41.702149,0.644,0.241,0.208,-53.232,-55.427,74.939,8_10_1.csv
2018-07-09T10:37:41.742758,2.096,0.938,-0.299,-26.463,-105.976,49.573,8_10_1.csv
2018-07-09T10:37:41.973854,-0.343,-0.022,0.088,-58.293,39.939,-32.012,8_10_1.csv
2018-07-09T10:37:42.024994,-0.343,-0.022,0.088,-53.841,133.354,-74.573,8_10_1.csv
2018-07-09T10:37:42.070723,-0.51,-0.517,-0.028,-20.122,16.402,-43.476,8_10_1.csv
2018-07-09T10:37:42.131887,0.092,0.091,0.137,4.573,60.305,-15.427,8_10_1.csv
2018-07-09T10:37:42.185030,0.092,0.091,0.137,16.341,22.683,9.268,8_10_1.csv
2018-07-09T10:37:42.243185,1.318,0.741,0.042,26.829,-27.988,44.268,8_10_1.csv
2018-07-09T10:37:42.291816,2.666,1.172,-0.635,97.256,-71.585,0.732,8_10_1.csv
2018-07-09T10:37:42.339944,2.666,1.172,-0.635,180.305,103.659,-92.012,8_10_1.csv
2018-07-09T10:37:42.396095,1.887,1.18,-0.116,34.085,-43.415,-12.866,8_10_1.csv
2018-07-09T10:37:42.446731,0.336,0.319,0.231,-82.439,18.537,-9.207,8_10_1.csv
2018-07-09T10:37:42.497366,0.336,0.319,0.231,-82.683,44.146,-27.866,8_10_1.csv
2018-07-09T10:37:42.563042,-0.672,-0.44,-0.034,41.585,116.098,-79.146,8_10_1.csv
2018-07-09T10:37:42.623203,-0.268,-0.031,0.033,-45.061,-54.695,-2.012,8_10_1.csv
2018-07-09T10:37:42.681891,-0.268,-0.031,0.033,-97.195,21.341,18.476,8_10_1.csv
2018-07-09T10:37:42.744057,0.537,0.258,-0.221,256.037,-71.402,12.073,8_10_1.csv
2018-07-09T10:37:42.792688,1.958,1.379,-0.086,170.61,59.146,-27.195,8_10_1.csv
2018-07-09T10:37:42.854353,2.104,1.466,-0.512,123.354,-10.366,31.829,8_10_1.csv
2018-07-09T10:37:42.898972,2.104,1.466,-0.512,120.488,-4.268,-12.805,8_10_1.csv
2018-07-09T10:37:42.947101,1.226,1.103,-0.5,-96.585,-20.305,68.232,8_10_1.csv
2018-07-09T10:37:42.995230,1.226,1.103,-0.5,-190.305,-4.451,54.756,8_10_1.csv
2018-07-09T10:37:43.041855,-0.088,-0.336,0.094,-169.39,-11.89,-13.232,8_10_1.csv
2018-07-09T10:37:43.087477,-0.088,-0.336,0.094,-93.963,58.415,-67.073,8_10_1.csv
2018-07-09T10:37:43.138614,-0.511,-0.458,0.125,-39.268,-208.415,42.012,8_10_1.csv
2018-07-09T10:37:43.244398,0.186,0.27,0.051,32.439,108.171,20.244,8_10_1.csv
2018-07-09T10:37:43.290020,1.26,0.604,-0.054,-41.768,-4.817,46.28,8_10_1.csv
2018-07-09T10:37:43.338650,2.741,1.004,-0.516,15.244,-14.146,30.0,8_10_1.csv
2018-07-09T10:37:43.383269,2.741,1.004,-0.516,104.39,-18.232,-0.854,8_10_1.csv
2018-07-09T10:37:43.453458,1.75,1.207,-0.191,-37.866,6.037,32.988,8_10_1.csv
2018-07-09T10:37:43.510109,-0.084,0.165,0.033,-142.439,-12.5,41.463,8_10_1.csv
2018-07-09T10:37:43.557494,-0.084,0.165,0.033,-182.439,72.805,-26.768,8_10_1.csv
2018-07-09T10:37:43.604124,-0.677,-0.388,0.053,-182.561,105.0,-66.524,8_10_1.csv
2018-07-09T10:37:43.652253,-0.677,-0.388,0.053,-68.049,-132.073,35.976,8_10_1.csv
2018-07-09T10:37:43.712915,0.15,0.172,0.072,32.134,65.61,28.354,8_10_1.csv
2018-07-09T10:37:43.761044,0.726,0.335,0.063,80.366,-32.744,2.195,8_10_1.csv
2018-07-09T10:37:43.815189,2.687,0.747,-0.685,49.634,-74.024,43.963,8_10_1.csv
2018-07-09T10:37:43.872342,2.687,0.747,-0.685,119.634,20.61,-26.037,8_10_1.csv
2018-07-09T10:37:43.920972,2.534,0.866,-0.128,125.976,44.146,-51.89,8_10_1.csv
2018-07-09T10:37:43.966595,2.534,0.866,-0.128,143.11,40.061,-39.024,8_10_1.csv
2018-07-09T10:37:44.011715,0.267,0.944,0.104,-28.293,15.061,22.134,8_10_1.csv
2018-07-09T10:37:44.073381,-0.686,-0.535,-0.182,-342.805,95.915,-59.207,8_10_1.csv
2018-07-09T10:37:44.124518,-0.686,-0.535,-0.182,-151.585,15.854,-81.159,8_10_1.csv
2018-07-09T10:37:44.181169,-0.065,-0.229,0.086,57.378,35.0,24.817,8_10_1.csv
2018-07-09T10:37:44.229800,0.262,0.248,0.053,61.646,31.524,13.232,8_10_1.csv
2018-07-09T10:37:44.275422,0.262,0.248,0.053,61.829,-52.439,25.976,8_10_1.csv
2018-07-09T10:37:44.323049,1.964,0.491,-0.368,95.305,-145.488,112.683,8_10_1.csv
2018-07-09T10:37:44.387723,2.987,0.86,-0.448,90.915,15.0,-19.878,8_10_1.csv
2018-07-09T10:37:44.450390,2.987,0.86,-0.448,-41.341,30.671,-43.659,8_10_1.csv
2018-07-09T10:37:44.493506,1.379,0.629,0.081,32.988,72.805,-54.817,8_10_1.csv
2018-07-09T10:37:44.573219,-0.292,0.096,-0.043,-15.915,46.463,-43.537,8_10_1.csv
2018-07-09T10:37:44.626863,-0.474,-0.354,0.06,-68.049,36.524,-80.183,8_10_1.csv
2018-07-09T10:37:44.669979,-0.474,-0.354,0.06,-51.89,-63.78,-23.537,8_10_1.csv
2018-07-09T10:37:44.725127,0.119,0.09,0.126,29.207,0.305,13.78,8_10_1.csv
2018-07-09T10:37:44.786290,1.11,0.576,0.076,20.0,-30.549,80.671,8_10_1.csv
2018-07-09T10:37:44.837929,1.11,0.576,0.076,22.683,-62.988,103.11,8_10_1.csv
2018-07-09T10:37:44.884052,2.753,0.569,-0.511,73.963,-111.037,-3.354,8_10_1.csv
2018-07-09T10:37:44.932682,2.753,0.569,-0.511,81.159,27.012,-61.524,8_10_1.csv
2018-07-09T10:37:44.995350,2.059,1.079,-0.048,19.634,16.951,4.451,8_10_1.csv
2018-07-09T10:37:45.068133,0.432,0.629,0.105,-113.781,8.415,-0.671,8_10_1.csv
2018-07-09T10:37:45.136316,-0.641,-0.31,-0.009,-70.305,83.476,-57.744,8_10_1.csv
2018-07-09T10:37:45.212019,-0.283,-0.262,-0.046,4.39,-45.61,-10.793,8_10_1.csv
2018-07-09T10:37:45.260649,0.217,0.19,0.046,-13.11,60.183,-4.817,8_10_1.csv
2018-07-09T10:37:45.307775,0.217,0.19,0.046,-18.841,-46.646,9.207,8_10_1.csv
2018-07-09T10:37:45.351893,2.129,0.847,-0.265,53.902,-45.122,54.817,8_10_1.csv
2018-07-09T10:37:45.435618,2.915,1.031,-0.356,73.72,-35.549,3.232,8_10_1.csv
2018-07-09T10:37:45.523353,1.247,0.632,0.138,-22.439,-9.695,-21.037,8_10_1.csv
2018-07-09T10:37:45.586522,-0.036,0.274,-0.019,-24.146,12.5,-10.61,8_10_1.csv
2018-07-09T10:37:45.637158,-0.036,0.274,-0.019,-32.744,20.305,-64.024,8_10_1.csv
2018-07-09T10:37:45.683783,-0.466,-0.326,-0.046,1.585,64.451,-98.11,8_10_1.csv
2018-07-09T10:37:45.726899,-0.466,-0.326,-0.046,-5.61,95.305,-90.915,8_10_1.csv
2018-07-09T10:37:45.808617,-0.365,-0.057,0.023,4.695,-54.39,20.854,8_10_1.csv
2018-07-09T10:37:45.944481,2.89,1.453,-0.335,97.744,-38.598,29.451,8_10_1.csv
2018-07-09T10:37:46.009237,1.858,1.109,-0.352,25.732,-24.695,-8.354,8_10_1.csv
2018-07-09T10:37:46.080928,0.203,0.359,-0.018,-76.402,-30.427,20.854,8_10_1.csv
2018-07-09T10:37:46.180194,-0.627,-0.355,0.2,-77.256,109.085,-78.476,8_10_1.csv
2018-07-09T10:37:46.230329,-0.016,-0.215,0.13,-55.488,-77.988,19.329,8_10_1.csv
2018-07-09T10:37:46.275454,-0.016,-0.215,0.13,20.061,45.0,22.073,8_10_1.csv
2018-07-09T10:37:46.322580,0.41,0.28,0.004,55.305,21.768,21.341,8_10_1.csv
2018-07-09T10:37:46.422849,2.179,1.193,-0.475,96.22,-49.085,70.488,8_10_1.csv
2018-07-09T10:37:46.483511,2.528,1.027,-0.536,17.988,44.024,-14.024,8_10_1.csv
2018-07-09T10:37:46.543672,2.528,1.027,-0.536,36.768,15.366,-59.939,8_10_1.csv
2018-07-09T10:37:46.593806,0.876,0.935,0.308,-29.817,11.159,-26.646,8_10_1.csv
2018-07-09T10:37:46.637423,-0.433,-0.17,0.144,-142.134,4.146,-59.634,8_10_1.csv
2018-07-09T10:37:46.686055,-0.433,-0.17,0.144,-24.024,110.366,-71.829,8_10_1.csv
2018-07-09T10:37:46.776296,-0.314,-0.043,0.041,-66.28,-99.207,27.012,8_10_1.csv
2018-07-09T10:37:46.842974,0.106,-0.075,0.053,-1.524,9.756,-12.439,8_10_1.csv
2018-07-09T10:37:46.920682,1.262,0.379,-0.17,50.305,-45.366,115.488,8_10_1.csv
2018-07-09T10:37:46.966304,2.787,1.322,-0.645,137.378,-0.427,79.695,8_10_1.csv
2018-07-09T10:37:47.026967,2.787,1.322,-0.645,143.049,-7.012,32.622,8_10_1.csv
2018-07-09T10:37:47.075096,1.955,1.171,-0.055,-52.317,21.951,1.585,8_10_1.csv
2018-07-09T10:37:47.140772,0.164,0.28,0.043,-133.232,-15.976,25.061,8_10_1.csv
2018-07-09T10:37:47.191407,-0.056,-0.195,0.037,-48.902,71.341,-89.939,8_10_1.csv
2018-07-09T10:37:47.284657,-0.056,-0.195,0.037,-76.585,-121.524,26.524,8_10_1.csv
2018-07-09T10:37:47.320754,-0.056,-0.195,0.037,44.329,-16.585,39.939,8_10_1.csv
2018-07-09T10:37:47.370387,0.625,0.545,-0.081,192.073,60.0,19.756,8_10_1.csv
2018-07-09T10:37:47.416009,0.625,0.545,-0.081,157.561,2.195,13.963,8_10_1.csv
2018-07-09T10:37:47.474165,2.239,0.829,-0.525,50.244,-13.537,-31.22,8_10_1.csv
2018-07-09T10:37:47.533824,2.467,1.039,0.119,56.646,68.354,-62.195,8_10_1.csv
2018-07-09T10:37:47.587468,2.467,1.039,0.119,39.756,-38.841,1.89,8_10_1.csv
2018-07-09T10:37:47.643117,0.975,0.651,-0.221,-30.0,66.89,38.72,8_10_1.csv
2018-07-09T10:37:47.698766,-0.334,0.076,-0.183,-17.439,77.195,11.341,8_10_1.csv
2018-07-09T10:37:47.749402,-0.334,0.076,-0.183,30.122,111.22,-50.427,8_10_1.csv
2018-07-09T10:37:47.810566,-0.435,-0.034,0.091,-65.427,-74.817,-4.573,8_10_1.csv
2018-07-09T10:37:47.858696,0.033,0.044,-0.019,-5.061,-5.854,-3.598,8_10_1.csv
2018-07-09T10:37:47.900808,0.033,0.044,-0.019,18.659,32.134,6.22,8_10_1.csv
2018-07-09T10:37:47.949939,1.278,0.534,-0.045,8.415,-84.146,36.707,8_10_1.csv
2018-07-09T10:37:47.995060,2.887,1.242,-0.517,79.085,-39.451,4.573,8_10_1.csv
2018-07-09T10:37:48.041184,2.887,1.242,-0.517,8.659,23.902,-4.451,8_10_1.csv
2018-07-09T10:37:48.086806,1.807,1.022,-0.412,-23.902,-20.427,-1.159,8_10_1.csv
2018-07-09T10:37:48.134935,1.807,1.022,-0.412,-62.012,-30.793,14.146,8_10_1.csv
2018-07-09T10:37:48.183565,0.115,0.124,-0.116,-108.537,14.268,-10.549,8_10_1.csv
2018-07-09T10:37:48.229187,0.115,0.124,-0.116,-136.281,28.11,-55.183,8_10_1.csv
2018-07-09T10:37:48.276313,-0.487,-0.678,0.126,-93.476,57.622,-93.293,8_10_1.csv
2018-07-09T10:37:48.326448,-0.06,-0.176,0.171,-1.159,-54.878,16.951,8_10_1.csv
2018-07-09T10:37:48.369062,-0.06,-0.176,0.171,6.037,19.634,28.232,8_10_1.csv
2018-07-09T10:37:48.429725,0.416,0.324,0.085,17.5,29.451,32.378,8_10_1.csv
2018-07-09T10:37:48.481363,2.485,1.109,-0.84,109.146,-54.878,106.707,8_10_1.csv
2018-07-09T10:37:48.524478,2.485,1.109,-0.84,232.439,-13.415,18.232,8_10_1.csv
2018-07-09T10:37:48.571605,2.704,1.178,-0.052,120.488,127.012,-59.634,8_10_1.csv
2018-07-09T10:37:48.649814,0.751,0.667,0.051,-76.585,-39.146,5.366,8_10_1.csv
2018-07-09T10:37:48.694935,0.751,0.667,0.051,-155.915,15.488,1.951,8_10_1.csv
