-0.937012,0.273926,0.194458,0.013848,-0.013848,0.034088
-0.938965,0.276245,0.180054,0.020240,-0.012783,0.034088
-0.939209,0.287842,0.166870,0.007457,-0.005326,0.025566
-0.938477,0.291138,0.161987,-0.007457,0.004261,0.018110
-0.928101,0.285645,0.161621,-0.005326,0.007457,0.013848
-0.919556,0.283813,0.164795,-0.002131,0.014914,0.006392
-0.918945,0.287109,0.167480,-0.011718,0.027697,-0.008522
-0.927368,0.293213,0.172974,-0.024501,0.036219,-0.019175
-0.929443,0.295410,0.178589,-0.027697,0.038350,-0.020240
-0.930908,0.294312,0.182861,-0.017044,0.039415,-0.017044
-0.931274,0.296021,0.188110,-0.011718,0.037284,-0.019175
-0.934692,0.298096,0.190674,-0.015979,0.038350,-0.023436
-0.935791,0.302368,0.193848,-0.026632,0.039415,-0.024501
-0.935425,0.302979,0.197876,-0.038350,0.040480,-0.020240
-0.936401,0.304321,0.200073,-0.050067,0.038350,-0.015979
-0.936035,0.298462,0.199341,-0.050067,0.033023,-0.010653
-0.934204,0.293823,0.197754,-0.035154,0.025566,-0.007457
-0.935181,0.298706,0.196655,-0.027697,0.020240,-0.009587
-0.933716,0.297974,0.198975,-0.030893,0.014914,-0.008522
-0.931152,0.298462,0.202148,-0.039415,0.010653,-0.005326
-0.928833,0.296021,0.200317,-0.041545,0.006392,0.000000
-0.932861,0.296265,0.198853,-0.041545,0.002131,0.004261
-0.937500,0.295044,0.196289,-0.040480,-0.002131,0.008522
-0.937866,0.294434,0.193848,-0.039415,-0.004261,0.011718
-0.939209,0.293823,0.193848,-0.045806,-0.004261,0.012783
-0.940430,0.291504,0.195312,-0.047937,-0.005326,0.013848
-0.937744,0.290161,0.194580,-0.047937,-0.007457,0.012783
-0.937988,0.289551,0.192993,-0.044741,-0.009587,0.015979
-0.936523,0.288330,0.190308,-0.037284,-0.013848,0.015979
-0.936401,0.290283,0.189941,-0.037284,-0.014914,0.014914
-0.933228,0.284668,0.187744,-0.035154,-0.014914,0.015979
-0.930420,0.284668,0.188110,-0.034088,-0.013848,0.010653
-0.930054,0.287964,0.188354,-0.037284,-0.011718,0.009587
-0.934082,0.289551,0.188477,-0.041545,-0.009587,0.010653
-0.935303,0.289551,0.187744,-0.040480,-0.008522,0.011718
-0.934570,0.289185,0.187378,-0.037284,-0.005326,0.012783
-0.932129,0.289551,0.186890,-0.045806,-0.001065,0.011718
-0.930298,0.288086,0.188843,-0.045806,0.004261,0.011718
-0.930176,0.288208,0.189697,-0.042611,0.005326,0.012783
-0.930420,0.288574,0.190918,-0.037284,0.006392,0.014914
-0.931274,0.287109,0.189087,-0.027697,0.005326,0.017044
-0.933350,0.288086,0.187134,-0.020240,0.004261,0.013848
-0.929199,0.287354,0.188232,-0.019175,0.008522,0.010653
-0.925415,0.285278,0.192383,-0.022371,0.013848,0.007457
-0.924805,0.284058,0.191650,-0.025566,0.019175,0.007457
-0.933105,0.284546,0.191162,-0.025566,0.022371,0.008522
-0.939575,0.285278,0.191284,-0.019175,0.023436,0.001065
-0.938843,0.284790,0.193604,0.000000,0.025566,-0.003196
-0.931030,0.284180,0.197388,0.009587,0.025566,-0.007457
-0.924438,0.286987,0.197876,0.012783,0.027697,-0.006392
-0.920898,0.289307,0.195068,0.002131,0.030893,-0.005326
-0.925903,0.290894,0.197388,-0.011718,0.035154,-0.004261
-0.932617,0.286377,0.200928,-0.010653,0.034088,0.000000
-0.933716,0.287109,0.200439,-0.001065,0.031958,0.001065
-0.934570,0.291992,0.201294,0.004261,0.030893,0.000000
-0.934448,0.293457,0.201294,0.000000,0.031958,-0.001065
-0.929810,0.290283,0.200195,-0.006392,0.033023,0.002131
-0.924438,0.286377,0.202393,-0.004261,0.031958,0.000000
-0.926270,0.288574,0.203125,-0.009587,0.031958,-0.002131
-0.930054,0.287720,0.201416,-0.011718,0.029827,-0.004261
-0.933472,0.288452,0.201782,-0.009587,0.028762,-0.004261
-0.935669,0.288940,0.201904,-0.007457,0.026632,-0.004261
-0.932495,0.287964,0.202515,0.000000,0.022371,-0.004261
-0.927490,0.286621,0.200928,0.005326,0.020240,-0.006392
-0.927368,0.289185,0.202637,0.001065,0.020240,-0.013848
-0.928955,0.289307,0.204224,-0.001065,0.017044,-0.017044
-0.929565,0.291626,0.200928,0.011718,0.009587,-0.018110
-0.932617,0.293945,0.200073,0.019175,0.005326,-0.015979
-0.934937,0.298096,0.198975,0.017044,0.003196,-0.017044
-0.935547,0.297241,0.198242,0.013848,0.003196,-0.019175
-0.935547,0.298218,0.198120,0.013848,0.003196,-0.023436
-0.934326,0.296265,0.196655,0.015979,0.003196,-0.022371
-0.932129,0.297363,0.195435,0.015979,0.003196,-0.022371
-0.932129,0.296387,0.195557,0.008522,0.003196,-0.013848
-0.929932,0.291626,0.198242,0.005326,0.003196,-0.009587
-0.929443,0.290161,0.198242,0.006392,0.000000,-0.008522
-0.929199,0.287109,0.198975,0.012783,-0.003196,-0.007457
-0.931641,0.290039,0.198730,0.013848,-0.006392,-0.002131
-0.932129,0.284912,0.200439,0.011718,-0.008522,0.000000
-0.936523,0.286499,0.200684,0.012783,-0.009587,0.000000
-0.935547,0.284424,0.202637,0.014914,-0.011718,0.001065
-0.936401,0.284424,0.201782,0.019175,-0.013848,0.002131
-0.934692,0.284668,0.199585,0.020240,-0.013848,0.006392
-0.934082,0.285034,0.199341,0.014914,-0.012783,0.005326
-0.929199,0.282349,0.201294,0.008522,-0.010653,0.006392
-0.928345,0.281128,0.200073,0.005326,-0.009587,0.002131
-0.929443,0.280640,0.199341,0.007457,-0.008522,-0.002131
-0.925781,0.280640,0.198242,0.015979,-0.009587,-0.003196
-0.920288,0.281982,0.196045,0.017044,-0.008522,0.001065
-0.917236,0.282593,0.193481,0.019175,-0.007457,0.000000
-0.921753,0.289063,0.188110,0.031958,-0.003196,-0.006392
-0.924438,0.300537,0.181641,0.049002,0.009587,-0.015979
-0.925293,0.326904,0.170532,0.054329,0.040480,-0.029827
-0.903809,0.348999,0.161621,0.022371,0.089482,-0.041545
-0.861938,0.346558,0.153198,-0.056459,0.185356,-0.049002
-0.802856,0.359009,0.153931,-0.157659,0.253533,-0.062851
-0.796997,0.378784,0.156738,-0.309992,0.322775,-0.074569
-0.832275,0.385620,0.170410,-0.458064,0.374973,-0.084156
-0.886353,0.370361,0.179321,-0.516653,0.398409,-0.089482
-0.940918,0.365967,0.196411,-0.488957,0.384561,-0.116114
-0.975952,0.367798,0.204224,-0.398409,0.345146,-0.143811
-0.976929,0.358643,0.201904,-0.279099,0.297209,-0.160855
-0.965210,0.366577,0.203003,-0.188552,0.254598,-0.175769
-0.958374,0.375854,0.196167,-0.149137,0.207727,-0.159790
-0.946411,0.373779,0.181763,-0.180030,0.190682,-0.138484
-0.943359,0.361572,0.182251,-0.227967,0.177899,-0.118244
-0.945435,0.343018,0.176636,-0.254598,0.161920,-0.100135
-0.950562,0.321289,0.169556,-0.263120,0.148072,-0.095874
-0.960449,0.319824,0.162720,-0.282295,0.137419,-0.116114
-0.957275,0.316284,0.157959,-0.322775,0.132093,-0.128897
-0.941284,0.303955,0.162598,-0.379234,0.134223,-0.142745
-0.907715,0.272705,0.169678,-0.383495,0.125701,-0.138484
-0.844238,0.235840,0.173340,-0.319579,0.103331,-0.119310
-0.786133,0.194336,0.170532,-0.148072,0.056459,-0.045806
-0.839844,0.197632,0.165283,-0.073503,0.052198,-0.014914
-1.021606,0.249268,0.206055,-0.162986,0.088417,-0.056459
-1.259644,0.292603,0.268799,-0.268447,0.091613,-0.112918
-1.352173,0.229492,0.280884,-0.129962,0.044741,-0.075634
-1.275879,0.160400,0.313110,0.444215,-0.077764,-0.029827
-1.079468,0.268188,0.247681,0.593353,-0.125701,-0.103331
-0.865723,0.313110,0.196655,0.215184,-0.043676,-0.100135
-0.739258,0.194214,0.226929,0.093743,0.047937,0.014914
-0.675049,0.198853,0.234985,-0.239685,0.139550,0.020240
-0.699951,0.198486,0.256226,-0.267381,0.177899,-0.019175
-0.733887,0.187012,0.249634,-0.280165,0.197074,-0.053263
-0.780151,0.197510,0.247559,-0.226901,0.221575,-0.145941
-0.830322,0.236450,0.268066,-0.203466,0.251403,-0.219445
-0.866821,0.274170,0.290527,-0.222640,0.280165,-0.295078
-0.887207,0.288574,0.300415,-0.267381,0.304666,-0.367516
-0.894043,0.292847,0.310303,-0.271643,0.316384,-0.410127
-0.887939,0.302612,0.312378,-0.264186,0.316384,-0.432498
-0.875244,0.301147,0.317261,-0.246076,0.302535,-0.416519
-0.880615,0.303955,0.328003,-0.158724,0.233293,-0.330232
-0.901367,0.294434,0.324463,-0.055394,0.174703,-0.254598
-0.936646,0.298950,0.318726,0.056459,0.109722,-0.200270
-0.983154,0.309570,0.309082,0.162986,0.046872,-0.142745
-1.014038,0.306274,0.294678,0.286556,-0.015979,-0.074569
-1.069092,0.323486,0.268921,0.376038,-0.059655,-0.031958
-1.201416,0.360840,0.253662,0.399474,-0.084156,-0.027697
-1.342651,0.410889,0.234985,0.316384,-0.115049,-0.019175
-1.394043,0.388672,0.208130,0.274838,-0.171508,0.079895
-1.354858,0.329468,0.158081,0.551807,-0.301470,0.337689
-1.142578,0.265015,0.059570,0.823450,-0.349407,0.512392
-0.985107,0.284546,0.008301,0.872452,-0.319579,0.616788
-0.869995,0.293823,-0.034302,0.640224,-0.208792,0.698814
-0.830322,0.287964,-0.053955,0.275904,-0.070307,0.738229
-0.831909,0.255493,-0.052368,-0.095874,0.052198,0.681770
-0.874390,0.248657,-0.048584,-0.350472,0.153398,0.639159
-0.879517,0.225952,-0.045532,-0.561395,0.211988,0.580569
-0.917969,0.177856,-0.052246,-0.614658,0.255664,0.274838
-0.969116,0.256592,-0.066040,-0.664725,0.255664,0.001065
-0.973267,0.235840,-0.075317,-0.674313,0.202400,0.220510
-0.922241,0.232544,-0.086548,-0.642355,0.183226,0.231162
-0.886353,0.222046,-0.080566,-0.599744,0.198139,0.255664
-0.866699,0.239258,-0.063599,-0.582700,0.220510,0.217314
-0.872803,0.263428,-0.054077,-0.648746,0.245011,0.202400
-0.881226,0.277832,-0.041992,-0.759534,0.269512,0.219445
-0.889404,0.259644,-0.031006,-0.808536,0.281230,0.206661
-0.904785,0.242187,-0.021240,-0.765925,0.280165,0.153398
-0.913818,0.250610,-0.006470,-0.697748,0.258859,0.068177
-0.916504,0.274902,0.005981,-0.691357,0.209857,-0.043676
-0.933472,0.287354,0.019165,-0.665791,0.171508,-0.047937
-0.930298,0.273315,0.029541,-0.580569,0.135289,-0.049002
-0.934814,0.267822,0.040771,-0.464455,0.095874,-0.069242
-0.931030,0.285156,0.040405,-0.396279,0.056459,-0.093743
-0.929321,0.292969,0.037598,-0.379234,0.030893,-0.099070
-0.927856,0.283081,0.040161,-0.365386,0.015979,-0.116114
-0.928345,0.267700,0.042725,-0.319579,0.006392,-0.135289
-0.960693,0.262573,0.045532,-0.258859,0.002131,-0.165116
-1.026855,0.270020,0.041748,-0.209857,-0.002131,-0.208792
-1.072144,0.280640,0.053345,-0.211988,0.008522,-0.290817
-1.050537,0.290405,0.062256,-0.274838,0.019175,-0.328102
-1.136108,0.292358,0.062988,-0.360060,0.040480,-0.410127
-1.260010,0.298340,0.085937,-0.414388,0.044741,-0.495348
-1.397827,0.271240,0.095215,-0.335558,0.025566,-0.536893
-1.477905,0.250000,0.098145,-0.093743,-0.014914,-0.552872
-1.372192,0.230103,0.103882,0.229032,-0.057524,-0.485761
-1.111816,0.233521,0.107788,0.433563,-0.075634,-0.365386
-0.817505,0.226440,0.103516,0.397344,-0.051133,-0.192813
-0.666504,0.205078,0.099854,0.063916,0.020240,0.123571
-0.765747,0.135376,0.110107,-0.111853,0.042611,0.272708
-0.848999,0.068726,0.124878,-0.117179,0.021305,0.351537
-0.908569,0.054321,0.131470,-0.009587,-0.019175,0.324906
-0.929932,0.065186,0.121704,0.149137,-0.056459,0.278034
-0.904419,0.090942,0.101929,0.253533,-0.073503,0.221575
-0.856201,0.109497,0.082397,0.243946,-0.055394,0.171508
-0.821289,0.122681,0.079346,0.153398,-0.001065,0.132093
-0.819092,0.144409,0.094604,0.033023,0.063916,0.082025
-0.834839,0.155273,0.108032,-0.063916,0.117179,0.019175
-0.851440,0.162109,0.107788,-0.150202,0.177899,-0.015979
-0.860474,0.177368,0.109985,-0.164051,0.203466,-0.017044
-0.863770,0.175537,0.115112,-0.153398,0.220510,-0.012783
-0.869995,0.176025,0.124512,-0.121440,0.226901,-0.019175
-0.867676,0.178467,0.138184,-0.062851,0.218379,-0.025566
-0.848755,0.173462,0.138672,0.025566,0.201335,0.001065
-0.814209,0.155151,0.127319,0.112918,0.187487,0.020240
-0.802490,0.175659,0.136108,0.147007,0.186421,-0.004261
-0.837646,0.189697,0.152100,0.143811,0.173638,-0.029827
-0.861206,0.185669,0.151245,0.214118,0.148072,-0.009587
-0.937744,0.206299,0.149048,0.286556,0.128897,-0.046872
-1.014648,0.245972,0.158325,0.321710,0.104396,-0.085221
-1.062134,0.239258,0.167114,0.351537,0.056459,-0.101200
-1.028442,0.239014,0.148071,0.492152,0.022371,-0.003196
-1.007324,0.217285,0.127441,0.682835,-0.003196,0.021305
-1.115356,0.245972,0.132324,0.755273,-0.005326,-0.041545
-1.252075,0.317139,0.144409,0.697748,-0.015979,-0.152333
-1.369995,0.326172,0.159424,0.645550,-0.038350,-0.191748
-1.457764,0.309082,0.160034,0.728641,-0.094809,-0.231162
-1.407593,0.263794,0.112671,1.036503,-0.207727,-0.213053
-1.099609,0.246460,0.083008,1.104680,-0.235424,-0.126767
-0.863281,0.200684,0.058716,1.054612,-0.220510,0.106526
-0.764038,0.187500,0.043823,0.880974,-0.173638,0.288687
-0.791626,0.149414,0.036133,0.573112,-0.104396,0.406931
-0.873535,0.109619,0.073853,0.279099,-0.053263,0.432498
-1.027466,0.104614,0.133301,0.072438,-0.067112,0.320645
-1.192505,0.040405,0.129272,0.112918,-0.144876,0.262055
-1.193848,-0.013550,0.078369,0.356864,-0.237554,0.258859
-1.091797,0.004028,0.037476,0.679639,-0.302535,0.190682
-0.942017,0.049683,0.034546,0.711597,-0.303600,0.137419
-0.892700,0.087769,0.060425,0.638094,-0.292948,0.115049
-0.911011,0.074951,0.079956,0.639159,-0.305731,0.167247
-0.890869,0.069702,0.063232,0.722250,-0.339819,0.196009
-0.869751,0.077148,0.051392,0.804275,-0.366451,0.182160
-0.870361,0.104492,0.052490,0.858603,-0.395213,0.127832
-0.881958,0.135132,0.060425,0.880974,-0.419714,0.055394
-0.907593,0.153687,0.069092,0.921454,-0.447411,0.006392
-0.918335,0.178467,0.061035,0.976848,-0.475108,-0.074569
-0.907715,0.211792,0.050293,1.036503,-0.497479,-0.112918
-0.870728,0.217041,0.048706,1.033307,-0.499609,-0.147007
-0.877808,0.232544,0.050049,1.000284,-0.495348,-0.187487
-0.902832,0.243530,0.045410,0.948086,-0.485761,-0.234358
-0.927246,0.249878,0.037354,0.889496,-0.469782,-0.292948
-0.969727,0.256958,0.032471,0.829841,-0.450607,-0.383495
-1.016724,0.256592,0.022095,0.778709,-0.421845,-0.468717
-1.041260,0.265503,0.025391,0.726511,-0.386691,-0.564590
-1.025269,0.275757,0.041504,0.621049,-0.337689,-0.642355
-1.050903,0.284058,0.062744,0.371777,-0.263120,-0.774448
-1.385132,0.294922,0.102905,0.302535,-0.248207,-0.883105
-1.612915,0.272461,0.109009,0.483630,-0.280165,-0.919324
-1.643311,0.250366,0.098633,0.912932,-0.331297,-0.815993
-1.375488,0.225586,0.089478,1.382714,-0.363255,-0.607201
-0.998291,0.221436,0.098633,1.525459,-0.329167,-0.387756
-0.701782,0.222534,0.124512,1.331581,-0.254598,-0.154463
-0.616821,0.186157,0.160522,1.001349,-0.198139,0.102265
-0.703247,0.069458,0.179321,0.855408,-0.206661,0.334493
-0.829956,-0.001465,0.185791,0.951282,-0.312123,0.436759
-1.023438,0.006592,0.171997,1.235707,-0.396279,0.383495
-1.029419,0.044067,0.134277,1.383779,-0.445281,0.272708
-0.976929,0.093506,0.113403,1.393366,-0.438889,0.154463
-0.923706,0.119751,0.135864,1.270861,-0.393083,0.082025
-0.893921,0.121704,0.175781,1.194162,-0.358994,0.053263
-0.857544,0.115479,0.194336,1.216532,-0.343015,0.075634
-0.826538,0.129883,0.181519,1.271926,-0.325971,0.077764
-0.803955,0.158691,0.165894,1.275122,-0.300405,0.058590
-0.795044,0.191162,0.160278,1.212271,-0.263120,0.036219
-0.807617,0.214966,0.175537,1.086570,-0.209857,-0.019175
-0.827393,0.221924,0.199707,1.081244,-0.193878,-0.045806
-0.816528,0.231201,0.194946,1.135572,-0.181095,-0.095874
-0.808472,0.250610,0.186523,1.169661,-0.156594,-0.160855
-0.803711,0.281250,0.183228,1.135572,-0.113983,-0.214118
-0.786011,0.294434,0.184326,1.050351,-0.061785,-0.242880
-0.769409,0.297729,0.187012,0.951282,-0.004261,-0.274838
-0.765869,0.301514,0.203003,0.828776,0.063916,-0.308927
-0.783569,0.299438,0.216064,0.696683,0.121440,-0.328102
-0.828857,0.292725,0.223755,0.595483,0.185356,-0.372843
-0.955566,0.299805,0.240601,0.529437,0.197074,-0.410127
-1.022461,0.298706,0.236816,0.539024,0.183226,-0.431432
-1.055664,0.291016,0.226074,0.610397,0.148072,-0.429302
-1.063110,0.275879,0.201660,0.759534,0.100135,-0.392017
-1.100952,0.246460,0.173462,0.947020,0.057524,-0.338754
-1.208374,0.276733,0.165771,1.085505,0.020240,-0.341950
-1.294556,0.328247,0.162598,1.128116,-0.015979,-0.316384
-1.300171,0.329834,0.153320,1.131311,-0.061785,-0.229032
-1.233887,0.284912,0.141235,1.200554,-0.126767,-0.115049
-1.106812,0.248901,0.115845,1.409345,-0.232228,0.106526
-0.865356,0.203735,0.083862,1.499893,-0.267381,0.280165
-0.786011,0.192139,0.085815,1.460478,-0.274838,0.416519
-0.806519,0.166138,0.101196,1.344364,-0.286556,0.523045
-0.901733,0.163086,0.114868,1.227185,-0.328102,0.577374
-1.091919,0.161499,0.131714,1.205880,-0.414388,0.580569
-1.348267,0.136108,0.128662,1.414672,-0.549677,0.598679
-1.352051,0.096313,0.084839,1.742773,-0.679639,0.697748
-1.193481,0.087158,0.048950,2.042113,-0.757403,0.786165
-1.045898,0.097290,0.046143,2.225338,-0.786165,0.835168
-0.975586,0.162231,0.084595,2.247709,-0.780839,0.820254
-0.955688,0.205078,0.093872,2.128399,-0.778709,0.849016
-0.906494,0.167969,0.091553,2.026134,-0.786165,0.892692
-0.863525,0.145874,0.102783,1.987784,-0.814928,0.805340
-0.859619,0.196167,0.130981,1.965414,-0.861799,0.618919
-0.925171,0.263550,0.161011,1.912151,-0.919324,0.459129
-0.959717,0.288452,0.152954,1.895106,-0.978978,0.383495
-0.932129,0.303223,0.126953,1.919607,-1.010936,0.314253
-0.923218,0.323608,0.127563,1.938782,-1.020524,0.224771
-0.917358,0.347656,0.137085,1.855691,-1.018393,0.116114
-0.912720,0.370117,0.123901,1.766209,-1.014132,0.089482
-0.860840,0.358887,0.096924,1.683118,-0.990696,0.058590
-0.827148,0.345215,0.091064,1.629855,-0.961934,-0.014914
-0.823730,0.350586,0.087036,1.547830,-0.949151,-0.144876
-0.844849,0.362793,0.068115,1.418933,-0.944890,-0.296144
-0.886353,0.385620,0.049072,1.272992,-0.941694,-0.445281
-0.916992,0.365356,0.041992,1.209076,-0.944890,-0.579504
-0.927368,0.341431,0.026978,1.278318,-0.951282,-0.681770
-0.924683,0.355957,0.012573,1.344364,-0.964065,-0.819189
-0.940308,0.416992,0.003662,1.229316,-0.967261,-0.859669
-0.995361,0.406494,-0.015381,1.013067,-0.965130,-0.830907
-1.128662,0.403076,-0.043945,0.882039,-0.960869,-0.858603
-1.267700,0.420166,-0.066040,0.810667,-0.948086,-0.858603
-1.328491,0.402344,-0.083496,0.831972,-0.921454,-0.810667
-1.233521,0.383301,-0.068970,0.929976,-0.866060,-0.765925
-1.015015,0.335327,-0.024170,1.177118,-0.803210,-0.638094
-0.812622,0.286621,0.007935,1.385910,-0.739294,-0.528371
-0.737671,0.309448,0.033081,1.397627,-0.666856,-0.456999
-0.766724,0.370972,0.056152,0.948086,-0.532632,-0.328102
-0.877319,0.355591,0.072754,0.674313,-0.461260,-0.229032
-0.934326,0.326416,0.083984,0.563525,-0.411192,-0.177899
-0.967651,0.287842,0.102783,0.575243,-0.381365,-0.191748
-0.970947,0.288086,0.127930,0.611462,-0.369647,-0.253533
-0.931763,0.271973,0.146484,0.722250,-0.368582,-0.291883
-0.881348,0.247559,0.160156,0.965130,-0.381365,-0.319579
-0.831055,0.247437,0.162354,1.229316,-0.398409,-0.340885
-0.797852,0.275635,0.162842,1.360343,-0.392017,-0.346211
-0.785034,0.315186,0.158691,1.190966,-0.324906,-0.325971
-0.774780,0.327393,0.179687,1.007741,-0.258859,-0.287622
-0.791748,0.294556,0.200928,0.927846,-0.199205,-0.263120
-0.815308,0.286499,0.226562,0.925715,-0.149137,-0.287622
-0.833496,0.292725,0.251953,0.925715,-0.102265,-0.327036
-0.832520,0.307495,0.271606,0.919324,-0.062851,-0.371777
-0.816895,0.310669,0.276367,0.929976,-0.026632,-0.402670
-0.803345,0.312012,0.281738,0.931041,0.011718,-0.433563
-0.790405,0.313110,0.290649,0.911867,0.061785,-0.458064
-0.809692,0.324585,0.306519,0.845820,0.113983,-0.496413
-0.785522,0.315796,0.329712,0.780839,0.194943,-0.551807
-0.872925,0.364136,0.329956,0.756338,0.124636,-0.435693
-0.810547,0.234253,0.331787,0.756338,0.223706,-0.876713
-0.950317,0.349365,0.328491,0.896953,0.125701,-0.935303
-0.989624,0.423096,0.343506,0.795753,0.112918,-0.722250
-1.018188,0.398926,0.353760,0.744620,0.117179,-0.471912
-1.048462,0.379883,0.337402,0.785100,0.121440,-0.240750
-1.128418,0.373657,0.325073,0.825580,0.127832,-0.250337
-1.273071,0.472046,0.337036,0.742490,0.095874,-0.312123
-1.295410,0.484375,0.366821,0.480434,-0.050067,-0.060720
-1.208740,0.260864,0.344360,0.569917,-0.165116,-0.227967
-1.029541,0.246460,0.286865,1.023720,-0.370712,-0.076699
-0.859375,0.286499,0.262329,1.176052,-0.470847,0.221575
-0.801758,0.263306,0.250122,1.139833,-0.523045,0.499609
-0.823242,0.295654,0.240845,0.906540,-0.533698,0.709466
-0.914917,0.256958,0.253296,0.639159,-0.532632,0.805340
-1.021973,0.270752,0.284424,0.451672,-0.541155,0.807471
-1.129639,0.271973,0.314453,0.289752,-0.562460,0.784035
-1.135498,0.272705,0.320557,0.285491,-0.618919,0.944890
-1.093994,0.218994,0.292725,0.501740,-0.728641,1.130246
-1.019287,0.255859,0.262451,0.722250,-0.798949,1.113202
-0.993286,0.310059,0.251831,0.722250,-0.805340,1.111071
-0.996704,0.404907,0.251831,0.599744,-0.813862,1.313472
-0.975342,0.341064,0.252563,0.351537,-0.764860,1.258078
-0.961670,0.331909,0.249512,0.266316,-0.729706,1.222924
-0.927124,0.326782,0.236816,0.233293,-0.691357,1.144094
-0.899170,0.342407,0.218384,0.215184,-0.649812,1.068461
-0.877686,0.460815,0.174316,-0.253533,-0.546481,1.015197
-0.800049,0.457886,0.181396,-1.230381,-0.399474,0.805340
-0.767212,0.409546,0.218018,-1.480718,-0.236489,1.113202
-0.761719,0.177979,0.245728,-1.330516,-0.167247,0.957673
-0.763428,0.106567,0.285767,-0.813862,-0.227967,0.471912
-0.646240,0.368408,0.254639,-0.673247,-0.072438,0.895888
-0.716309,0.207153,0.256470,-0.721184,-0.012783,0.435693
-0.640137,0.322754,0.231201,-0.809601,0.091613,0.250337
-0.682739,0.400391,0.231201,-1.316667,0.263120,0.049002
-0.713745,0.438843,0.242065,-1.693771,0.421845,0.196009
-0.740723,0.378784,0.258545,-1.902563,0.559264,0.341950
-0.740234,0.383057,0.286865,-2.439456,0.821319,0.141680
-0.807861,0.339478,0.293701,-2.708969,0.977913,0.138484
-0.836304,0.237305,0.302979,-2.680207,1.123854,-0.005326
-0.927612,0.160400,0.305420,-2.386193,1.241034,-0.184291
-1.070313,0.140503,0.294556,-2.062353,1.382714,-0.383495
-1.229980,0.171997,0.327515,-1.824799,1.560613,-0.576308
-1.347900,0.135010,0.405029,-1.496697,1.660748,-0.688161
-1.379639,0.088135,0.453857,-0.944890,1.626660,-0.785100
-1.291504,0.024658,0.480957,-0.214118,1.450891,-0.794688
-1.114990,0.061401,0.457886,0.300405,1.061004,-0.806406
-0.858276,0.091309,0.351318,0.232228,0.856473,-0.788296
-0.804932,0.038086,0.311890,0.241815,0.660464,-0.724380
-0.821289,-0.009033,0.257446,0.398409,0.469782,-0.686031
-0.860962,-0.038086,0.234131,0.703075,0.299339,-0.703075
-0.915649,-0.030029,0.236206,1.161139,0.148072,-0.749946
-0.963989,0.031372,0.244873,1.635182,0.027697,-0.788296
-1.026733,0.101074,0.261353,2.058092,-0.087352,-0.840494
-1.014771,0.141479,0.219727,2.380867,-0.217314,-0.720119
-1.051758,0.272461,0.327637,2.753710,-0.545416,-0.188552
-0.920654,0.281128,0.236572,2.733470,-0.471912,-0.028762
-0.820435,0.203979,0.181030,2.734535,-0.472978,-0.160855
-0.752808,0.295654,0.138672,2.537461,-0.466586,-0.453803
-0.771973,0.400757,0.131470,2.079397,-0.418649,-0.435693
-0.760864,0.383057,0.125244,1.698032,-0.369647,-0.242880
-0.755981,0.353394,0.120605,1.320928,-0.239685,-0.210922
-0.787598,0.324341,0.154663,1.032242,-0.108657,-0.289752
-0.826782,0.298828,0.195312,0.906540,-0.020240,-0.272708
-0.844360,0.278687,0.226196,0.910801,0.025566,-0.194943
-0.844727,0.263550,0.235718,0.999218,0.073503,-0.181095
-0.874390,0.223633,0.242676,1.094027,0.082025,-0.260990
-0.883423,0.237671,0.254761,1.172857,0.092678,-0.245011
-0.895386,0.200562,0.285278,1.280448,0.070307,-0.153398
-0.912842,0.135864,0.302856,1.740643,0.000000,0.035154
-0.966309,0.075928,0.291748,2.581137,-0.135289,0.182160
-0.989868,0.177612,0.232910,3.194729,-0.297209,0.197074
-0.981201,0.360596,0.176636,3.086072,-0.330232,0.249272
-0.956665,0.348633,0.149780,2.810169,-0.324906,0.315318
-0.977905,0.333496,0.159424,2.591789,-0.290817,0.101200
-1.256592,0.454224,0.244629,2.189119,-0.288687,-0.132093
-1.409668,0.520020,0.282837,2.022938,-0.385626,-0.304666
-1.346191,0.557983,0.239502,1.956892,-0.428236,-0.503870
-1.215332,0.694336,0.186401,1.700163,-0.354733,-0.404801
-1.009277,0.654663,0.181030,1.194162,-0.242880,-0.164051
-0.761230,0.553955,0.160522,0.609331,-0.127832,0.086286
-0.646362,0.515991,0.136108,-0.063916,-0.023436,0.254598
-0.667114,0.595947,0.091064,-0.645550,0.068177,0.475108
-0.741455,0.573730,0.065552,-1.141964,0.154463,0.647681
-0.823975,0.564087,0.062744,-1.297493,0.192813,0.577374
-0.968872,0.498901,0.020264,-1.358213,0.192813,0.509197
-0.940430,0.421631,-0.012085,-1.092962,0.173638,0.224771
-0.782104,0.635742,-0.045288,-1.007741,0.211988,0.238619
-1.011841,0.810059,-0.062744,-1.283644,0.145941,1.528655
-0.903564,0.321655,-0.062744,-1.347560,0.193878,0.976848
-0.877441,0.479736,-0.120850,-1.222924,0.267381,0.997088
-0.998047,0.353638,-0.135132,-1.304950,0.249272,1.124920
-1.014404,0.438477,-0.135132,-1.290036,0.267381,1.140899
-0.928833,0.353516,-0.072632,-1.365670,0.236489,0.879909
-0.911499,0.332642,-0.051270,-1.042894,0.269512,0.721184
-1.061890,0.454956,-0.047852,-1.003479,0.225836,1.276187
-0.881470,0.337524,0.000488,-1.038633,0.123571,1.161139
-0.903931,0.275146,-0.011475,-1.052482,0.111853,1.035437
-0.893799,0.290527,-0.031494,-1.083374,0.159790,0.886300
-0.916016,0.292847,-0.027222,-1.134507,0.205596,0.847951
-0.927490,0.213379,0.010742,-1.239968,0.260990,0.764860
-0.912476,0.092773,0.043091,-1.283644,0.304666,0.513458
-0.909912,0.022827,0.056030,-1.112136,0.319579,0.076699
-0.969727,0.067871,0.046875,-0.906540,0.268447,-0.318514
-0.995483,0.106567,0.068970,-0.882039,0.234358,-0.508131
-1.052246,0.108032,0.082275,-0.762730,0.259925,-0.870321
-1.196411,0.203125,0.093384,-0.682835,0.231162,-1.067395
-1.296387,0.217651,0.088135,-0.546481,0.192813,-1.189901
-1.364136,0.216797,0.058350,-0.249272,0.197074,-1.317733
-1.317261,0.296387,0.033081,0.026632,0.267381,-1.296427
-1.156006,0.353271,0.053955,0.132093,0.383495,-1.248490
-0.843262,0.389282,0.089844,0.067112,0.547546,-1.074852
-0.854858,0.324097,0.089844,-0.054329,0.628506,-1.146225
-0.776489,0.489136,0.079590,-0.294013,0.689226,-0.796818
-0.828125,0.417847,0.080322,-0.425041,0.709466,-0.312123
-0.882568,0.247070,0.087769,-0.290817,0.659399,-0.445281
-0.909058,0.323608,0.096558,-0.030893,0.598679,-0.553938
-0.978516,0.840820,0.075317,-0.058590,0.674313,0.037284
-1.008667,0.461670,0.114624,-0.731837,0.645550,0.959804
-0.815308,0.364258,0.164795,-0.245011,0.674313,0.049002
-0.826416,0.736328,0.154297,-0.558199,0.727576,0.541155
-0.715698,0.502686,0.192871,-0.714793,0.786165,0.658334
-0.628296,0.661011,0.219238,-0.871387,0.885235,1.151551
-0.860229,0.471436,0.275757,-1.004545,0.895888,0.654073
-0.861450,0.219360,0.358887,-0.354733,0.653007,-0.142745
-0.639771,0.665405,0.302856,-0.242880,0.592287,0.256729
-0.873169,0.279785,0.340088,-0.173638,0.450607,-0.191748
-0.828125,0.367310,0.304321,0.121440,0.336624,-0.379234
-0.837158,0.413452,0.276123,-0.014914,0.305731,-0.713727
-0.743042,0.532593,0.254028,-0.309992,0.338754,-0.582700
-0.778687,0.524902,0.259155,-0.927846,0.429302,-0.186421
-0.910889,0.338623,0.272705,-1.542504,0.477239,0.009587
-0.947632,0.285767,0.247681,-1.727860,0.452738,-0.069242
-0.923218,0.353271,0.209595,-1.830125,0.436759,-0.011718
-0.903076,0.430542,0.180908,-1.916412,0.432498,0.128897
-0.918823,0.494995,0.174561,-1.947304,0.414388,0.351537
-0.954712,0.514404,0.190186,-1.894041,0.351537,0.467651
-0.889038,0.636230,0.161499,-1.780058,0.281230,0.668986
-0.848389,0.703979,0.110229,-1.956892,0.336624,0.933172
-0.951172,0.471313,0.089844,-1.718272,0.288687,0.570982
-0.960815,0.541260,0.091797,-1.094027,0.143811,0.181095
-1.084106,0.658569,0.113770,-0.757403,0.027697,-0.087352
-1.116821,1.006592,0.067261,-1.059939,0.111853,0.309992
-1.095947,0.869263,0.000610,-1.441303,0.156594,0.590157
-0.996460,0.751831,-0.053955,-1.614942,0.177899,0.460194
-0.868652,0.702515,-0.087646,-1.845039,0.235424,0.474043
-0.758789,0.583862,-0.312866,-2.568354,0.521980,0.710532
-0.794067,0.395386,-0.302124,-3.243731,0.713727,0.758469
-0.811035,0.397827,-0.134521,-2.506568,0.629572,0.892692
-0.811401,0.651855,-0.128174,-2.116681,0.610397,1.031176
-0.894531,0.757812,-0.199585,-2.444783,0.711597,1.472196
-0.844727,0.608643,-0.222656,-2.472480,0.745685,1.063134
-0.792236,0.549072,-0.212524,-2.273275,0.801079,0.588026
-0.780151,0.544312,-0.160522,-2.039982,0.746751,0.453803
-0.770996,0.559692,-0.121948,-1.851430,0.678574,0.517719
-0.752930,0.572144,-0.114380,-1.855691,0.662595,0.466586
-0.762085,0.595337,-0.119263,-1.905759,0.686031,0.433563
-0.792603,0.610596,-0.109985,-1.907889,0.698814,0.527306
-0.814697,0.602661,-0.076660,-1.937717,0.703075,0.548611
-0.824951,0.602661,-0.035522,-1.975001,0.684965,0.525176
-0.819092,0.597900,-0.016724,-1.943043,0.639159,0.576308
-0.819580,0.591919,-0.014404,-1.854626,0.596548,0.605070
-0.830566,0.592163,-0.011108,-1.755557,0.544350,0.578439
-0.841675,0.600586,-0.004028,-1.676727,0.493218,0.556068
-0.873169,0.572388,0.021729,-1.554222,0.413323,0.513458
-0.888794,0.531128,0.043335,-1.295362,0.288687,0.428236
-0.907715,0.513428,0.062256,-1.001349,0.158724,0.344081
-0.930054,0.469116,0.090454,-0.694553,0.019175,0.229032
-0.942627,0.474365,0.107544,-0.425041,-0.073503,0.055394
-0.963501,0.531616,0.099854,-0.290817,-0.062851,0.143811
-1.002197,0.561035,0.103394,-0.361125,0.011718,0.379234
-1.005493,0.502563,0.123291,-0.493218,0.113983,0.362190
-1.016602,0.488892,0.143188,-0.580569,0.213053,0.301470
-1.016235,0.480713,0.175537,-0.661529,0.307862,0.217314
-1.012329,0.452148,0.210815,-0.710532,0.377104,0.119310
-1.000610,0.429565,0.227905,-0.720119,0.432498,0.059655
-0.939575,0.415527,0.235474,-0.709466,0.482565,0.036219
-0.794678,0.369873,0.246704,-0.677508,0.537959,0.069242
-0.625610,0.330444,0.273071,-0.678574,0.610397,0.176834
-0.515869,0.321411,0.304810,-0.985370,0.752077,0.219445
-0.587280,0.332397,0.306763,-1.270861,0.843690,0.221575
-0.725952,0.357544,0.306763,-1.500958,0.899084,0.174703
-0.906738,0.408325,0.290527,-1.609615,0.913997,0.070307
-1.020508,0.424194,0.269165,-1.592571,0.883105,-0.035154
-1.004517,0.375977,0.252319,-1.413607,0.820254,-0.115049
-0.934082,0.348267,0.242432,-1.171791,0.751012,-0.187487
-0.869629,0.377319,0.249512,-1.043960,0.705205,-0.236489
-0.838135,0.389038,0.231445,-1.029046,0.692422,-0.218379
-0.827148,0.395996,0.200317,-1.069526,0.723315,-0.166181
-0.855957,0.447632,0.169067,-1.113202,0.751012,-0.138484
-0.889160,0.438721,0.151245,-1.172857,0.770186,-0.108657
-0.899292,0.401611,0.130981,-1.164335,0.772317,-0.115049
-0.888672,0.393066,0.124634,-1.105745,0.761664,-0.157659
-0.893677,0.402954,0.135742,-1.053547,0.740359,-0.189617
-0.903687,0.396118,0.130249,-0.996023,0.699879,-0.194943
-0.892578,0.393433,0.117432,-0.964065,0.656203,-0.203466
-0.882324,0.390137,0.112061,-0.924650,0.611462,-0.186421
-0.877441,0.390869,0.120483,-0.891627,0.283360,-0.127832
-0.862427,0.361572,0.130737,-0.763795,0.434628,-0.049002
-0.832642,0.354858,0.127930,-0.630637,0.343015,0.035154
-0.825439,0.350586,0.139771,-0.468717,0.255664,0.139550
-0.845093,0.359253,0.156616,-0.300405,0.166181,0.247141
-0.862915,0.375122,0.159668,-0.145941,0.086286,0.338754
-0.854492,0.391968,0.157349,-0.003196,0.038350,0.407996
-0.830933,0.410889,0.147949,0.141680,0.027697,0.465521
-0.813599,0.444702,0.129639,0.192813,0.064981,0.510262
-0.826782,0.473511,0.108398,0.140615,0.149137,0.521980
-0.906982,0.517212,0.088623,-0.160855,0.328102,0.398409
-1.181396,0.631104,0.099487,-0.548611,0.435693,0.234358
-1.249634,0.635620,0.109497,-0.824515,0.488957,0.147007
-1.157471,0.594849,0.080322,-0.870321,0.488957,0.125701
-1.000122,0.519409,0.018066,-0.779774,0.491087,0.206661
-0.844727,0.470093,-0.025391,-0.743555,0.523045,0.363255
-0.760742,0.428101,-0.040405,-0.800014,0.593353,0.530502
-0.762817,0.433228,-0.068481,-0.889496,0.671117,0.644485
-0.822144,0.435303,-0.088745,-1.069526,0.769121,0.682835
-0.914185,0.465942,-0.086182,-1.325189,0.843690,0.521980
-1.026978,0.523315,-0.124512,-1.731055,0.939564,0.476173
-1.013306,0.484985,-0.162354,-1.834386,0.957673,0.465521
-1.012085,0.432617,-0.188354,-1.875932,0.989631,0.402670
-1.006836,0.394043,-0.201904,-1.863148,0.994957,0.352603
-0.989258,0.390259,-0.195557,-1.723599,0.969391,0.300405
-0.965698,0.395630,-0.182373,-1.563809,0.904410,0.331297
-0.919434,0.378784,-0.183594,-1.480718,0.830907,0.414388
-0.889893,0.357178,-0.195679,-1.430651,0.773382,0.448477
-0.893799,0.359619,-0.198364,-1.299623,0.730772,0.464455
-0.917725,0.353882,-0.185791,-1.079113,0.624245,0.433563
-0.925293,0.346191,-0.180420,-0.947020,0.541155,0.398409
-0.920654,0.355713,-0.170044,-0.868191,0.474043,0.350472
-0.903076,0.340576,-0.162842,-0.819189,0.413323,0.251403
-0.903931,0.355713,-0.163574,-0.756338,0.386691,0.164051
-0.905273,0.369995,-0.148682,-0.757403,0.346211,0.119310
-0.918335,0.392334,-0.113892,-0.789361,0.303600,0.115049
-0.912231,0.391479,-0.095337,-0.836233,0.253533,0.117179
-0.923950,0.387085,-0.097900,-0.877778,0.214118,0.109722
-0.969360,0.389648,-0.085327,-0.933172,0.164051,0.047937
-1.054810,0.395630,-0.065796,-1.161139,0.126767,-0.002131
-1.082275,0.347656,-0.035278,-1.232512,0.071373,0.007457
-1.069092,0.250610,0.000977,-0.981109,-0.010653,0.050067
-1.037598,0.223633,0.025635,-0.693487,-0.091613,-0.020240
-1.017822,0.218628,0.041138,-0.479369,-0.155529,-0.095874
-1.044556,0.241821,0.024902,-0.348342,-0.178964,-0.210922
-1.135986,0.297607,-0.012817,-0.289752,-0.144876,-0.382430
-1.200928,0.367798,-0.025513,-0.347276,-0.067112,-0.572047
-1.155029,0.398560,-0.009521,-0.466586,0.030893,-0.695618
-0.980713,0.391357,0.016968,-0.686031,0.213053,-0.671117
-0.732300,0.340820,0.059448,-0.876713,0.344081,-0.639159
-0.666504,0.304443,0.080444,-1.071656,0.467651,-0.637028
-0.698975,0.320679,0.099365,-1.261274,0.546481,-0.632767
-0.790405,0.349487,0.108887,-1.348625,0.569917,-0.493218
-0.862915,0.309692,0.104980,-1.260208,0.556068,-0.296144
-0.945190,0.287598,0.102905,-1.082309,0.512392,-0.243946
-0.981934,0.297974,0.101807,-0.925715,0.465521,-0.177899
-0.964111,0.314453,0.095459,-0.815993,0.427171,-0.134223
-0.927002,0.318604,0.094360,-0.731837,0.410127,-0.019175
-0.872681,0.302246,0.086670,-0.674313,0.422910,0.020240
-0.867432,0.303223,0.089844,-0.693487,0.441020,0.049002
-0.884888,0.311157,0.095337,-0.749946,0.449542,0.067112
-0.913330,0.296509,0.094238,-0.710532,0.436759,0.088417
-0.925171,0.273193,0.077271,-0.628506,0.407996,0.106526
-0.916748,0.257324,0.046387,-0.556068,0.387756,0.098004
-0.903931,0.276367,0.026855,-0.553938,0.380300,0.056459
-0.906860,0.295776,0.018799,-0.640224,0.379234,0.004261
-0.927734,0.278931,0.023926,-0.676443,0.363255,0.012783
-0.945190,0.247559,0.020508,-0.583765,0.304666,0.040480
-0.914551,0.228027,0.001709,-0.501740,0.263120,0.046872
-0.883911,0.230469,-0.017700,-0.445281,0.230097,0.071373
-0.876831,0.235229,-0.031738,-0.451672,0.214118,0.101200
-0.916870,0.234497,-0.033203,-0.496413,0.213053,0.120375
-0.955811,0.210327,-0.025513,-0.442085,0.206661,0.138484
-0.984375,0.197021,-0.025757,-0.317449,0.202400,0.144876
-0.983398,0.210815,-0.029907,-0.204531,0.206661,0.141680
-0.974609,0.228149,-0.020996,-0.151268,0.224771,0.153398
-0.956421,0.236938,-0.012085,-0.147007,0.262055,0.172573
-0.972168,0.221313,0.002075,-0.107592,0.282295,0.166181
-1.070557,0.260620,0.005127,-0.113983,0.282295,0.056459
-1.189697,0.300049,0.008057,-0.183226,0.258859,-0.051133
-1.252441,0.324097,-0.005127,-0.273773,0.229032,-0.138484
-1.272339,0.328491,-0.013306,-0.330232,0.201335,-0.164051
-1.193604,0.311646,-0.018188,-0.349407,0.193878,-0.131028
-1.045532,0.271362,-0.014160,-0.333428,0.210922,-0.046872
-0.935181,0.239258,-0.009888,-0.350472,0.247141,-0.002131
-0.927856,0.242798,-0.023926,-0.466586,0.299339,0.026632
-0.961914,0.248901,-0.039307,-0.719054,0.386691,0.079895
-1.037842,0.244629,-0.030884,-0.890561,0.422910,0.121440
-1.068115,0.199585,-0.007202,-0.959804,0.420780,0.184291
-1.063477,0.150635,0.004883,-0.874582,0.376038,0.245011
-1.011353,0.118164,-0.007813,-0.683900,0.317449,0.283360
-0.957520,0.115112,-0.023193,-0.515588,0.270577,0.297209
-0.925171,0.118774,-0.018311,-0.387756,0.225836,0.312123
-0.898315,0.125854,-0.018311,-0.321710,0.187487,0.320645
-0.884521,0.129639,-0.016235,-0.268447,0.143811,0.318514
-0.889282,0.138184,-0.015991,-0.165116,0.069242,0.268447
-0.923706,0.153076,-0.021729,-0.111853,0.014914,0.230097
-0.929932,0.172974,-0.024536,-0.087352,-0.031958,0.198139
-0.932983,0.199097,-0.021362,-0.096939,-0.073503,0.159790
-0.931274,0.214111,-0.013550,-0.102265,-0.111853,0.143811
-0.932861,0.204346,-0.000977,-0.035154,-0.150202,0.151268
-0.921143,0.203857,0.003174,0.067112,-0.191748,0.149137
-0.897339,0.215698,-0.001465,0.161920,-0.221575,0.165116
-0.885010,0.242676,-0.003906,0.187487,-0.242880,0.150202
-0.900391,0.249512,-0.005493,0.175769,-0.255664,0.145941
-0.938843,0.243408,-0.013672,0.175769,-0.268447,0.096939
-0.997803,0.240356,-0.031860,0.180030,-0.266316,0.034088
-1.021851,0.261597,-0.075439,0.092678,-0.222640,-0.060720
-1.020630,0.283203,-0.103149,-0.135289,-0.119310,-0.162986
-1.016357,0.268799,-0.111206,-0.429302,0.011718,-0.248207
-0.996582,0.257324,-0.116699,-0.755273,0.168312,-0.352603
-1.066284,0.251709,-0.085205,-1.134507,0.311057,-0.502805
-1.263428,0.247070,-0.044312,-1.389105,0.383495,-0.611462
-1.416138,0.188110,-0.019653,-1.428520,0.376038,-0.698814
-1.469849,0.134277,-0.031494,-0.904410,0.290817,-0.677508
-1.303833,0.098633,-0.047607,-0.458064,0.235424,-0.780839
-1.053101,0.128906,-0.023682,-0.151268,0.240750,-0.735033
-0.815308,0.149170,0.019897,-0.050067,0.273773,-0.568851
-0.686401,0.129761,0.059448,-0.051133,0.291883,-0.344081
-0.688477,0.078003,0.071899,0.014914,0.272708,-0.142745
-0.779907,0.037109,0.072876,0.168312,0.216249,-0.043676
-0.890625,0.032715,0.080566,0.372843,0.132093,-0.036219
-0.983887,0.047241,0.082275,0.594418,0.037284,-0.070307
-1.024902,0.057861,0.062988,0.790427,-0.038350,-0.133158
-1.014404,0.096069,0.051147,0.927846,-0.083091,-0.160855
-0.964966,0.147705,0.068604,0.908671,-0.079895,-0.159790
-0.913574,0.143188,0.079224,0.855408,-0.059655,-0.110788
-0.874268,0.143066,0.085571,0.789361,-0.036219,-0.094809
-0.864868,0.143799,0.086914,0.742490,-0.007457,-0.056459
-0.867798,0.154053,0.082153,0.698814,0.011718,-0.058590
-0.858643,0.167603,0.088135,0.634898,0.018110,-0.053263
-0.859497,0.146484,0.134399,0.634898,-0.017044,-0.020240
-0.872437,0.099121,0.151489,0.801079,-0.099070,0.017044
-0.887817,0.082397,0.160767,1.200554,-0.271643,-0.037284
-0.884277,0.116577,0.136963,1.465804,-0.387756,-0.060720
-0.860962,0.126587,0.097656,1.662879,-0.451672,-0.044741
-0.854370,0.163452,0.079346,1.735317,-0.463390,-0.045806
-0.870605,0.185913,0.110107,1.735317,-0.453803,-0.070307
-0.899780,0.152222,0.138672,1.807755,-0.474043,-0.019175
-0.892822,0.135132,0.093506,1.905759,-0.483630,0.005326
-0.895264,0.171753,0.034302,1.911085,-0.434628,-0.044741
-0.952881,0.236206,0.041504,1.709750,-0.355798,-0.118244
-1.073120,0.218994,0.110474,1.554222,-0.337689,-0.033023
-1.113281,0.117310,0.025146,1.718272,-0.362190,0.035154
-1.031494,0.143677,-0.021729,1.734251,-0.300405,-0.060720
-1.070679,0.180542,-0.006226,1.564874,-0.214118,-0.153398
-1.225220,0.204102,0.052002,1.260208,-0.165116,-0.208792
-1.395996,0.165649,0.041748,1.089766,-0.158724,-0.241815
-1.481812,0.155151,0.026733,1.081244,-0.156594,-0.279099
-1.415405,0.132324,0.015625,1.178183,-0.159790,-0.223706
-1.210205,0.086670,0.014404,1.326255,-0.151268,-0.088417
-0.959106,0.066406,0.023315,1.394432,-0.116114,0.044741
-0.772339,0.083252,0.052856,1.262339,-0.042611,0.204531
-0.695679,0.027832,0.083008,1.072722,-0.012783,0.325971
-0.787842,0.020630,0.088623,0.853277,-0.002131,0.323841
-0.988892,0.037109,0.112671,0.700944,-0.027697,0.255664
-1.208862,0.047852,0.113403,0.715858,-0.085221,0.245011
-1.281250,0.019043,0.101440,0.842625,-0.150202,0.353668
-1.189697,-0.017822,0.090332,1.018393,-0.194943,0.449542
-1.086792,-0.020752,0.099609,1.153682,-0.218379,0.455933
-1.018921,0.026367,0.120361,1.203749,-0.240750,0.411192
-1.026978,0.063599,0.138794,1.253817,-0.286556,0.464455
-1.031860,0.041992,0.114624,1.384844,-0.373908,0.536893
-0.990723,0.055298,0.106323,1.476457,-0.439954,0.559264
-0.981323,0.101685,0.107544,1.516937,-0.513458,0.462325
-0.974365,0.162598,0.112427,1.546765,-0.585896,0.380300
-0.991699,0.214722,0.133179,1.601093,-0.657268,0.382430
-1.000244,0.244263,0.138428,1.733186,-0.737163,0.426106
-0.976440,0.252441,0.108276,1.859952,-0.794688,0.441020
-0.957153,0.291626,0.077515,1.870605,-0.804275,0.425041
-0.927490,0.343872,0.065430,1.753426,-0.776578,0.410127
-0.895874,0.369507,0.075562,1.450891,-0.717989,0.376038
-0.867310,0.360474,0.100220,1.315602,-0.684965,0.377104
-0.834229,0.326416,0.095947,1.266600,-0.668986,0.346211
-0.803955,0.333740,0.086304,1.201619,-0.667921,0.236489
-0.803711,0.347900,0.077026,1.123854,-0.663660,0.112918
-0.853516,0.370117,0.073120,1.017328,-0.661529,0.057524
-0.921631,0.361572,0.078247,0.923585,-0.653007,-0.024501
-0.987915,0.373047,0.081055,0.852212,-0.646616,-0.132093
-1.028442,0.380127,0.087646,0.743555,-0.628506,-0.234358
-1.033813,0.389893,0.100098,0.649812,-0.617854,-0.360060
-1.048706,0.391602,0.108154,0.513458,-0.625310,-0.372843
-1.083008,0.369263,0.090942,0.478304,-0.632767,-0.353668
-1.192993,0.368408,0.067261,0.519849,-0.635963,-0.344081
-1.362183,0.385254,0.054565,0.600809,-0.624245,-0.347276
-1.456177,0.403076,0.049683,0.673247,-0.588026,-0.368582
-1.285522,0.396118,0.045166,0.726511,-0.498544,-0.327036
-0.913818,0.361450,0.040161,0.655138,-0.341950,-0.222640
-0.637939,0.295410,0.066772,0.415453,-0.165116,-0.127832
-0.583740,0.249878,0.124390,0.110788,-0.056459,-0.007457
-0.736572,0.194946,0.145996,-0.047937,-0.112918,0.230097
-0.916626,0.117920,0.098877,0.181095,-0.235424,0.305731
-0.959961,0.138916,0.051514,0.492152,-0.367516,0.263120
-0.945801,0.145386,0.027954,0.772317,-0.472978,0.207727
-0.893799,0.152954,0.041260,0.984305,-0.537959,0.112918
-0.832642,0.153931,0.062866,1.154747,-0.557134,0.012783
-0.790039,0.177734,0.082642,1.287905,-0.543285,-0.069242
-0.769897,0.224243,0.103638,1.331581,-0.499609,-0.141680
-0.764404,0.264648,0.118042,1.284709,-0.436759,-0.184291
-0.766968,0.296875,0.120605,1.165400,-0.311057,-0.262055
-0.783203,0.337402,0.145508,0.937433,-0.219445,-0.308927
-0.792725,0.336304,0.181152,0.875648,-0.149137,-0.333428
-0.796509,0.348633,0.209229,0.841559,-0.103331,-0.367516
-0.800903,0.356934,0.222656,0.825580,-0.071373,-0.380300
-0.800049,0.373901,0.224854,0.789361,-0.039415,-0.404801
-0.795654,0.390625,0.225952,0.729706,0.001065,-0.421845
-0.787842,0.390869,0.232178,0.675378,0.043676,-0.419714
-0.777832,0.374390,0.244019,0.687096,0.078830,-0.396279
-0.770264,0.382080,0.250000,0.691357,0.101200,-0.390952
-0.780151,0.395630,0.246460,0.640224,0.125701,-0.367516
-0.850098,0.397217,0.243774,0.640224,0.123571,-0.350472
-0.904907,0.398804,0.240112,0.673247,0.111853,-0.355798
-0.935059,0.410156,0.234741,0.693487,0.101200,-0.380300
-0.966309,0.426147,0.239502,0.678574,0.098004,-0.407996
-0.979492,0.420166,0.240234,0.681770,0.086286,-0.381365
-0.988525,0.385620,0.221680,0.743555,0.069242,-0.311057
-1.036987,0.404541,0.221558,0.719054,0.066046,-0.324906
-1.144409,0.451782,0.242676,0.583765,0.059655,-0.364321
-1.223633,0.467896,0.245728,0.432498,0.002131,-0.334493
-1.160400,0.387695,0.210693,0.371777,-0.063916,-0.217314
-1.005249,0.311035,0.180054,0.539024,-0.142745,-0.042611
-0.836670,0.239624,0.154663,0.707336,-0.213053,0.167247
-0.786499,0.229492,0.156738,0.777643,-0.269512,0.328102
-0.868774,0.250854,0.152954,0.768056,-0.321710,0.478304
-1.028687,0.256104,0.145996,0.753142,-0.370712,0.626376
-1.235840,0.266846,0.154419,0.791492,-0.438889,0.736098
-1.330933,0.251831,0.140869,0.923585,-0.521980,0.843690
-1.249390,0.189331,0.117188,1.119593,-0.594418,0.950216
-1.089600,0.157593,0.092407,1.381649,-0.640224,1.065265
-0.933594,0.206665,0.094727,1.415737,-0.633833,1.136638
-0.932861,0.244019,0.103638,1.379518,-0.625310,1.198423
-0.977173,0.265015,0.099976,1.340103,-0.628506,1.255947
-1.026245,0.284058,0.098633,1.314537,-0.644485,1.306015
-1.052979,0.295410,0.104858,1.301754,-0.688161,1.292166
-1.049805,0.291138,0.096924,1.308145,-0.749946,1.199488
-0.998901,0.281860,0.080078,1.351821,-0.804275,1.073787
-0.921875,0.274658,0.067627,1.411476,-0.840494,0.942759
-0.845093,0.255005,0.057373,1.508415,-0.849016,0.697748
-0.755737,0.274414,0.041504,1.488175,-0.830907,0.545416
-0.718872,0.296265,0.027100,1.391236,-0.792557,0.320645
-0.685669,0.311401,0.023315,1.233577,-0.743555,0.125701
-0.675049,0.308838,0.025879,1.064200,-0.696683,-0.077764
-0.681152,0.298828,0.020264,0.949151,-0.654073,-0.283360
-0.703125,0.307251,0.013428,0.851147,-0.605070,-0.506001
-0.788208,0.325684,0.015503,0.762730,-0.553938,-0.743555
-0.888062,0.348267,0.011475,0.680704,-0.508131,-0.980044
-0.964844,0.361328,-0.000244,0.597614,-0.455933,-1.190966
-1.034302,0.364868,0.001343,0.426106,-0.350472,-1.542504
-1.276978,0.460083,0.014404,0.272708,-0.269512,-1.809885
-1.527100,0.528320,0.031860,0.120375,-0.210922,-1.980327
-1.619629,0.504150,0.038940,0.098004,-0.190682,-2.011220
-1.509399,0.446533,0.034790,0.291883,-0.214118,-1.931325
-1.237549,0.396362,0.045898,0.570982,-0.253533,-1.729990
-0.930908,0.334717,0.070679,0.752077,-0.294013,-1.430651
-0.722412,0.253906,0.087280,0.792557,-0.328102,-1.106810
-0.705566,0.179932,0.080322,0.827711,-0.374973,-0.809601
-0.798462,0.149536,0.048950,1.034372,-0.476173,-0.387756
-0.966187,0.178589,0.009521,1.114267,-0.503870,-0.284426
-1.034912,0.212280,0.016724,1.202684,-0.515588,-0.302535
-1.044312,0.276978,0.032715,1.250621,-0.506001,-0.381365
-1.002319,0.324097,0.073486,1.223989,-0.475108,-0.445281
-0.930542,0.286499,0.130859,1.232512,-0.452738,-0.464455
-0.856079,0.228882,0.181152,1.324124,-0.465521,-0.466586
-0.791626,0.190430,0.191040,1.458348,-0.494283,-0.451672
-0.753296,0.204468,0.179687,1.603224,-0.523045,-0.414388
-0.728760,0.245850,0.165894,1.654356,-0.536893,-0.335558
-0.722168,0.260010,0.151855,1.518003,-0.471912,-0.241815
-0.768066,0.261719,0.179077,1.426390,-0.416519,-0.213053
-0.802002,0.251953,0.202515,1.394432,-0.365386,-0.207727
-0.840454,0.278687,0.224854,1.383779,-0.318514,-0.225836
-0.848022,0.288940,0.237061,1.331581,-0.254598,-0.208792
-0.828613,0.294434,0.256226,1.239968,-0.177899,-0.188552
-0.801758,0.299927,0.261353,1.097223,-0.083091,-0.185356
-0.782349,0.323608,0.265747,0.919324,0.019175,-0.205596
-0.784058,0.345215,0.276489,0.703075,0.122505,-0.221575
-0.801147,0.326660,0.292847,0.379234,0.249272,-0.218379
-0.829346,0.313477,0.312622,0.201335,0.311057,-0.224771
-0.864990,0.348267,0.316895,0.025566,0.352603,-0.222640
-0.910400,0.382202,0.318726,-0.225836,0.384561,-0.192813
-0.945312,0.315674,0.315552,-0.406931,0.410127,-0.093743
-1.071045,0.273926,0.337036,-0.446346,0.412258,-0.020240
-1.329834,0.382935,0.397583,-0.506001,0.380300,-0.003196
-1.539063,0.471558,0.431274,-0.562460,0.271643,0.094809
-1.545044,0.378906,0.412964,-0.382430,0.071373,0.233293
-1.348389,0.261719,0.366821,0.072438,-0.196009,0.373908
-1.078369,0.115234,0.333496,0.978978,-0.615723,0.430367
-0.818481,0.208862,0.304810,1.285775,-0.800014,0.645550
-0.812012,0.334595,0.284912,1.124920,-0.850081,0.868191
-0.905640,0.415283,0.280762,0.658334,-0.815993,1.054612
-1.059204,0.436157,0.266357,0.053263,-0.772317,1.138768
-1.192749,0.436646,0.269165,-0.474043,-0.755273,1.178183
-1.242432,0.391602,0.265259,-0.742490,-0.797883,1.276187
-1.218262,0.332397,0.252441,-0.779774,-0.886300,1.336907
-1.160767,0.257935,0.264404,-0.629572,-0.991762,1.404019
-1.155396,0.226562,0.276489,-0.312123,-1.184575,1.425324
-1.090210,0.229980,0.238281,-0.206661,-1.226120,1.460478
-1.069946,0.219604,0.205444,-0.187487,-1.239968,1.469000
-1.039795,0.221069,0.193604,-0.286556,-1.214402,1.458348
-0.993530,0.279175,0.182617,-0.638094,-1.145160,1.377388
-0.948608,0.298096,0.167236,-1.150486,-1.012002,1.329451
-0.892456,0.140625,0.166870,-1.323059,-0.888431,1.216532
-0.820312,0.149414,0.146118,-1.484979,-0.739294,0.952347
-0.783936,0.216187,0.111328,-1.914281,-0.532632,0.682835
-0.698364,0.143066,0.080566,-2.123073,-0.009587,0.477239
-0.631348,0.045166,0.144165,-2.046374,0.112918,0.322775
-0.590698,0.007813,0.197266,-1.777927,0.337689,0.203466
-0.578247,0.026367,0.219727,-1.535047,0.553938,0.068177
-0.587524,0.051025,0.236450,-1.364604,0.764860,-0.093743
-0.619385,0.079590,0.251587,-1.271926,0.964065,-0.273773
-0.690308,0.117065,0.279663,-1.247425,1.156878,-0.366451
-0.766602,0.066162,0.323364,-1.135572,1.286840,-0.482565
-0.835083,0.084473,0.335449,-0.947020,1.412541,-0.583765
-0.938110,0.122559,0.354126,-0.723315,1.435977,-0.642355
-0.949341,0.086304,0.369751,-0.465521,1.525459,-0.807471
-1.163086,0.199341,0.371460,-0.371777,1.538242,-0.790427
-1.349609,0.169189,0.334717,-0.230097,1.657552,-0.719054
-1.448608,0.095337,0.285278,0.134223,1.816277,-0.878844
-1.477417,0.223755,0.275024,0.562460,1.954761,-1.016263
-1.510986,0.382202,0.406738,0.880974,1.937717,-0.885235
-1.328979,0.296631,0.509888,1.122789,1.645834,-0.663660
-1.052368,0.184082,0.443359,1.318798,1.092962,-0.866060
-0.879639,0.169800,0.295776,1.585114,0.601875,-0.908671
-0.892578,0.220459,0.131104,1.800298,0.067112,-0.643420
-1.020630,0.202148,0.081909,2.682337,0.052198,-0.475108
-1.045288,0.229492,0.092896,3.510048,-0.202400,-0.357929
-0.893677,0.359985,0.067383,4.229102,-0.396279,-0.256729
-1.071289,0.511719,0.183228,4.666925,-1.008806,0.741424
-0.839355,0.256592,0.177734,4.588096,-0.900149,-0.180030
-0.755981,0.493164,0.086548,4.483700,-0.936368,-0.280165
-0.698242,0.576904,0.067505,3.849867,-0.745685,-0.049002
-0.676514,0.505249,0.078369,3.179816,-0.544350,0.034088
-0.693604,0.490234,0.116943,2.549179,-0.403735,-0.055394
-0.689453,0.472778,0.164307,1.866344,-0.249272,-0.178964
-0.736572,0.406250,0.186279,1.706554,-0.186421,-0.145941
-0.769897,0.390747,0.201904,1.691641,-0.168312,-0.240750
-0.813599,0.427979,0.236572,1.610680,-0.139550,-0.327036
-0.840820,0.408569,0.294067,1.438108,-0.117179,-0.368582
-0.829346,0.359741,0.317871,1.345430,-0.119310,-0.405866
-0.825439,0.343018,0.302734,1.372061,-0.120375,-0.387756
-0.829102,0.383667,0.312988,1.274057,-0.080960,-0.331297
-0.842163,0.430176,0.342651,0.941694,-0.007457,-0.191748
-0.910156,0.385864,0.397583,0.707336,-0.029827,0.150202
-0.887085,0.323242,0.389648,0.822384,-0.089482,0.282295
-0.968262,0.359497,0.356079,0.874582,-0.177899,0.361125
-0.952637,0.425049,0.305420,0.829841,-0.255664,0.442085
-0.926392,0.462280,0.253906,0.764860,-0.296144,0.622115
-0.892944,0.410767,0.225464,0.800014,-0.327036,0.590157
-0.951050,0.358032,0.210937,0.933172,-0.376038,0.239685
-0.996826,0.489380,0.194824,1.026915,-0.357929,-0.185356
-1.122314,0.798828,0.159668,0.635963,-0.217314,-0.108657
-1.290771,0.840332,0.136475,0.070307,-0.102265,0.351537
-1.255371,0.726440,0.114258,-0.449542,-0.047937,0.251403
-1.088013,0.663696,0.042358,-0.645550,-0.035154,0.153398
-0.875610,0.567383,-0.037354,-0.809601,-0.008522,0.333428
-0.758911,0.657349,-0.123291,-1.081244,0.117179,1.029046
-0.801270,0.685669,-0.151367,-1.579788,0.200270,1.419998
-0.794067,0.507446,-0.180176,-2.115616,0.378169,1.915346
-1.027100,0.360229,-0.172363,-2.280732,0.472978,1.597897
-0.972290,0.428345,-0.146240,-2.292450,0.564590,1.197358
-0.968994,0.572388,-0.144531,-2.456501,0.675378,1.128116
-0.999756,0.485718,-0.112915,-2.566223,0.635963,0.970456
-0.910522,0.420410,-0.110840,-2.321212,0.611462,0.871387
-0.856689,0.435791,-0.114014,-2.340387,0.592287,0.860734
-0.847412,0.485840,-0.122559,-2.486328,0.610397,0.878844
-0.857300,0.507690,-0.123047,-2.787798,0.635963,0.873517
-0.874268,0.480225,-0.108032,-3.042397,0.659399,0.837298
-0.892456,0.421631,-0.075195,-3.092464,0.651942,0.765925
-0.903198,0.372803,-0.027344,-2.914565,0.609331,0.692422
-0.929687,0.338867,0.020264,-2.536396,0.512392,0.618919
-0.952393,0.312012,0.048218,-2.035721,0.368582,0.557134
-0.941284,0.294922,0.053833,-1.275122,0.154463,0.496413
-0.984619,0.301270,0.058716,-0.939564,0.020240,0.436759
-0.707642,0.332031,0.061401,-0.769121,0.045806,0.498544
-0.950684,0.294922,0.112183,-0.642355,0.018110,0.403735
-0.760620,0.291504,0.140137,-0.465521,0.005326,0.388822
-0.866943,0.285034,0.182739,-0.351537,0.027697,0.253533
-0.915771,0.314697,0.191284,-0.299339,0.029827,0.187487
-0.778809,0.357666,0.163208,-0.429302,0.220510,0.191748
-1.295654,0.254639,0.145020,-0.503870,0.157659,-0.082025
-0.684570,0.448120,0.084351,-0.572047,0.525176,0.074569
-1.169189,0.229736,0.233398,-0.377104,0.493218,-0.247141
-1.056030,0.459839,0.238647,-0.393083,0.578439,-0.476173
-1.130493,0.484741,0.205566,-0.689226,0.782970,-0.377104
-1.176636,0.376953,0.204590,-0.664725,0.810667,-0.548611
-1.084839,0.475098,0.213257,-0.526241,0.854342,-0.537959
-0.918701,0.491943,0.191284,-0.466586,0.896953,-0.187487
-0.675171,0.387329,0.163452,-0.509197,0.987501,-0.053263
-0.591064,0.342407,0.183838,-0.679639,1.063134,-0.345146
-0.598755,0.380005,0.220947,-1.017328,1.204815,-0.357929
-0.665649,0.339966,0.284546,-1.351821,1.236773,-0.382430
-0.814941,0.359985,0.287109,-1.399758,1.262339,-0.304666
-0.934692,0.347046,0.281494,-1.218663,1.216532,-0.278034
-1.015869,0.375732,0.290283,-0.860734,1.105745,-0.254598
-0.979370,0.587891,0.297729,-0.532632,0.948086,0.455933
-0.828979,0.705078,0.277954,-0.694553,1.029046,1.267665
-0.885132,0.497070,0.320923,-0.871387,1.031176,0.972587
-0.936035,0.654541,0.421753,-0.618919,0.854342,0.775513
-0.822266,0.582886,0.347656,-0.517719,0.670052,1.512676
-0.794189,0.339966,0.410767,-0.291883,0.507066,0.600809
-0.760254,0.506592,0.348633,-0.157659,0.470847,0.431432
-0.716675,0.553467,0.341187,-0.205596,0.512392,0.358994
-0.753784,0.507202,0.315552,-0.308927,0.579504,0.267381
-0.769775,0.466064,0.284424,-0.343015,0.641289,0.129962
-0.811890,0.421875,0.252197,-0.474043,0.723315,-0.100135
-0.755615,0.438721,0.220337,-0.686031,0.737163,-0.297209
-0.788574,0.448486,0.207886,-1.101484,0.774448,-0.433563
-0.833374,0.481201,0.176758,-1.585114,0.871387,-0.201335
-0.899658,0.406616,0.169800,-1.897237,0.933172,0.078830
-0.911743,0.397339,0.161255,-1.954761,1.007741,0.148072
-0.915283,0.541504,0.186523,-1.957957,1.004545,0.194943
-0.915649,0.578613,0.194824,-1.797102,0.860734,0.331297
-0.774048,0.671265,0.150879,-1.727860,0.742490,0.575243
-0.676514,0.666748,0.114990,-1.891910,0.739294,0.678574
-0.678467,0.616089,0.098999,-2.025069,0.797883,0.719054
-0.775391,0.425171,0.135742,-1.810950,0.686031,0.317449
-0.769653,0.492676,0.123291,-1.320928,0.455933,0.049002
-0.884888,0.621948,0.121094,-1.219728,0.445281,-0.124636
-0.980591,0.754395,0.145996,-1.231446,0.405866,-0.119310
-0.995117,0.893188,0.090698,-1.600028,0.539024,0.141680
-0.943848,0.698120,0.044434,-1.757687,0.624245,0.052198
-0.849487,0.624512,0.028564,-1.692706,0.580569,0.058590
-0.750366,0.591187,0.027466,-1.369931,0.420780,0.266316
-0.651489,0.620972,-0.048950,-1.269796,0.364321,0.481500
-0.631958,0.618408,-0.081055,-1.385910,0.423975,0.519849
-0.682373,0.621582,-0.062988,-1.445564,0.483630,0.403735
-0.757812,0.604858,-0.010010,-1.330516,0.487891,0.175769
-0.806885,0.627686,0.024536,-1.098288,0.447411,-0.122505
-0.817749,0.670166,0.011230,-0.870321,0.389887,-0.152333
-0.782471,0.705200,-0.024536,-0.888431,0.378169,-0.076699
-0.765625,0.701660,-0.071167,-1.006675,0.409062,0.003196
-0.794800,0.700439,-0.095581,-1.159008,0.447411,0.111853
-0.843506,0.680664,-0.084229,-1.333712,0.475108,0.221575
-0.891968,0.649292,-0.058716,-1.449826,0.474043,0.341950
-0.920044,0.635742,-0.075439,-1.484979,0.452738,0.441020
-0.964600,0.624512,-0.104248,-1.457282,0.444215,0.527306
-0.969238,0.593628,-0.120239,-1.427455,0.448477,0.586961
-0.958862,0.555786,-0.114258,-1.367800,0.458064,0.628506
-0.936523,0.447388,-0.117310,-1.275122,0.461260,0.588026
-0.905884,0.424194,-0.095093,-1.166465,0.470847,0.454868
-0.892700,0.422607,-0.065918,-1.107875,0.490022,0.332363
-0.889648,0.409546,-0.048706,-1.100419,0.510262,0.258859
-0.891846,0.374390,-0.036377,-1.096158,0.525176,0.225836
-0.876099,0.351318,-0.009277,-1.046090,0.524110,0.183226
-0.892944,0.337158,0.026733,-0.962999,0.506001,0.123571
-0.940186,0.338623,0.057007,-0.873517,0.466586,0.062851
-0.963013,0.333130,0.069092,-0.773382,0.421845,0.004261
-0.970459,0.319580,0.082886,-0.615723,0.365386,-0.074569
-0.982910,0.326050,0.099609,-0.521980,0.339819,-0.149137
-0.981567,0.314819,0.123535,-0.438889,0.325971,-0.207727
-0.986938,0.325806,0.148071,-0.370712,0.314253,-0.283360
-1.010742,0.341919,0.154541,-0.363255,0.315318,-0.378169
-1.060303,0.360596,0.157959,-0.378169,0.317449,-0.452738
-1.120117,0.381348,0.163208,-0.390952,0.313188,-0.534763
-1.151855,0.378540,0.167725,-0.358994,0.292948,-0.594418
-1.094360,0.342896,0.166382,-0.209857,0.245011,-0.623180
-0.928223,0.291870,0.154907,0.093743,0.172573,-0.555003
-0.692993,0.281128,0.146851,0.058590,0.206661,-0.492152
-0.692505,0.338257,0.176880,-0.236489,0.298274,-0.449542
-0.812988,0.395508,0.186035,-0.550742,0.360060,-0.338754
-0.907715,0.361450,0.168457,-0.717989,0.374973,-0.217314
-0.970703,0.323975,0.154175,-0.656203,0.334493,-0.192813
-0.982300,0.291626,0.150146,-0.418649,0.262055,-0.201335
-0.938599,0.312866,0.143433,-0.209857,0.206661,-0.242880
-0.874268,0.366333,0.123901,-0.166181,0.209857,-0.280165
-0.821777,0.387329,0.099976,-0.274838,0.274838,-0.263120
-0.792969,0.392822,0.093140,-0.539024,0.407996,-0.229032
-0.799683,0.374146,0.096558,-0.667921,0.471912,-0.189617
-0.835693,0.366821,0.098755,-0.720119,0.497479,-0.166181
-0.862793,0.349609,0.094116,-0.702010,0.491087,-0.138484
-0.881958,0.353271,0.090820,-0.649812,0.471912,-0.122505
-0.890869,0.351685,0.090210,-0.586961,0.444215,-0.096939
-0.903687,0.361694,0.095093,-0.567786,0.415453,-0.088417
-0.919067,0.351196,0.096313,-0.519849,0.378169,-0.060720
-0.920044,0.347900,0.093872,-0.430367,0.335558,-0.031958
-0.914795,0.337524,0.094971,-0.241815,0.260990,0.034088
-0.883667,0.360229,0.090820,-0.197074,0.227967,0.073503
-0.891235,0.365479,0.096924,-0.223706,0.198139,0.125701
-0.868286,0.346802,0.107178,-0.243946,0.191748,0.133158
-0.879883,0.368042,0.118652,-0.169377,0.128897,0.246076
-0.853516,0.369629,0.117188,-0.120375,0.115049,0.343015
-0.850220,0.362671,0.116943,-0.062851,0.111853,0.264186
-0.866699,0.396973,0.115845,-0.034088,0.100135,0.232228
-0.859253,0.422119,0.122925,-0.057524,0.108657,0.241815
-0.860840,0.428467,0.128296,-0.071373,0.113983,0.263120
-0.863159,0.419312,0.107056,-0.026632,0.109722,0.263120
-0.819214,0.448608,0.072021,0.005326,0.142745,0.301470
-0.802979,0.456421,0.037598,-0.049002,0.213053,0.312123
-0.862061,0.480713,0.033936,-0.187487,0.296144,0.266316
-0.968384,0.528687,0.041382,-0.431432,0.362190,0.155529
-1.061646,0.529907,0.022217,-0.653007,0.397344,0.084156
-1.157593,0.545532,-0.004395,-0.800014,0.392017,-0.027697
-1.159668,0.557739,-0.029297,-0.960869,0.370712,-0.005326
-1.090088,0.505005,-0.058228,-1.048221,0.335558,0.069242
-1.004517,0.445679,-0.083374,-0.921454,0.290817,0.223706
-0.943237,0.420166,-0.084595,-0.849016,0.264186,0.153398
-0.989746,0.494507,-0.104980,-0.867126,0.291883,0.323841
-1.073975,0.476929,-0.102905,-0.966195,0.284426,0.349407
-1.082397,0.472900,-0.098877,-1.029046,0.248207,0.450607
-1.025513,0.432007,-0.105591,-1.084440,0.205596,0.560329
-0.983154,0.363037,-0.102661,-1.004545,0.145941,0.704140
-0.964844,0.352783,-0.138672,-0.875648,0.102265,0.761664
-0.987671,0.353271,-0.143555,-0.795753,0.100135,0.801079
-0.991211,0.342163,-0.108643,-0.745685,0.070307,0.834102
-0.955078,0.320435,-0.066162,-0.681770,0.025566,0.870321
-0.915649,0.306274,-0.081665,-0.592287,-0.012783,0.892692
-0.901855,0.301392,-0.095093,-0.501740,-0.033023,0.855408
-0.907593,0.303833,-0.083374,-0.447411,-0.043676,0.798949
-0.931763,0.309937,-0.063599,-0.411192,-0.064981,0.740359
-0.943115,0.316528,-0.048584,-0.426106,-0.086286,0.666856
-0.929565,0.312378,-0.049805,-0.422910,-0.107592,0.585896
-0.916870,0.323486,-0.067993,-0.434628,-0.108657,0.504936
-0.901123,0.327881,-0.066772,-0.488957,-0.087352,0.439954
-0.879272,0.322998,-0.054199,-0.548611,-0.050067,0.340885
-0.895752,0.294556,-0.026855,-0.506001,-0.044741,0.288687
-0.898560,0.262451,-0.026611,-0.418649,-0.054329,0.225836
-0.914551,0.272217,-0.048218,-0.305731,-0.044741,0.111853
-0.921631,0.316772,-0.075562,-0.347276,0.006392,-0.047937
-0.950562,0.305542,-0.066895,-0.426106,0.082025,-0.153398
-0.974976,0.287720,-0.035645,-0.442085,0.150202,-0.254598
-0.991577,0.286499,-0.004517,-0.425041,0.191748,-0.377104
-1.012085,0.286743,-0.012573,-0.410127,0.231162,-0.496413
-1.064819,0.347290,-0.050049,-0.755273,0.344081,-0.769121
-1.223267,0.368652,-0.027466,-0.654073,0.435693,-0.952347
-1.314209,0.371094,0.005859,-0.641289,0.485761,-1.120659
-1.320801,0.370239,0.019287,-0.501740,0.518784,-1.157943
-1.143555,0.367676,0.031128,-0.311057,0.553938,-1.089766
-0.904419,0.356689,0.055176,-0.153398,0.595483,-0.971522
-0.705322,0.346313,0.084351,-0.159790,0.645550,-0.887366
-0.622192,0.339966,0.116089,-0.344081,0.696683,-0.839429
-0.647095,0.331543,0.138428,-0.544350,0.731837,-0.752077
-0.734375,0.332153,0.148560,-0.646616,0.731837,-0.656203
-0.833374,0.342407,0.158447,-0.602940,0.660464,-0.511327
-0.940918,0.330566,0.161987,-0.503870,0.588026,-0.447411
-0.947632,0.343384,0.152100,-0.385626,0.524110,-0.425041
-0.923584,0.364990,0.155151,-0.315318,0.485761,-0.378169
-0.886841,0.391113,0.161865,-0.335558,0.470847,-0.320645
-0.870239,0.394165,0.164429,-0.415453,0.467651,-0.276969
-0.868652,0.389038,0.164062,-0.493218,0.465521,-0.211988
-0.873901,0.385376,0.158813,-0.539024,0.453803,-0.138484
-0.879761,0.394043,0.153076,-0.594418,0.431432,-0.076699
-0.893921,0.390381,0.152588,-0.726511,0.377104,-0.036219
-0.942993,0.383545,0.135742,-0.779774,0.319579,0.020240
-0.929565,0.350098,0.114258,-0.768056,0.255664,0.082025
-0.925171,0.324829,0.106323,-0.682835,0.189617,0.108657
-0.934082,0.314087,0.103149,-0.581635,0.119310,0.105461
-0.914795,0.291992,0.081055,-0.487891,0.039415,0.140615
-0.884644,0.280518,0.046509,-0.416519,-0.022371,0.191748
-0.877441,0.269653,0.031494,-0.370712,-0.069242,0.221575
-0.899048,0.257446,0.024414,-0.325971,-0.115049,0.229032
-0.943237,0.267578,0.018677,-0.300405,-0.153398,0.216249
-0.973389,0.257568,0.004761,-0.183226,-0.211988,0.235424
-0.989868,0.236694,0.008423,-0.028762,-0.240750,0.253533
-0.986328,0.249878,-0.005737,0.116114,-0.249272,0.267381
-0.977539,0.257935,-0.025269,0.192813,-0.229032,0.282295
-0.950195,0.270752,-0.030518,0.198139,-0.180030,0.308927
-0.931885,0.284668,-0.037231,0.129962,-0.110788,0.313188
-0.994751,0.285522,-0.042603,0.079895,-0.034088,0.240750
-1.103760,0.353638,-0.038086,-0.084156,0.038350,0.078830
-1.206299,0.423218,-0.038208,-0.386691,0.105461,-0.073503
-1.248047,0.429199,-0.038452,-0.786165,0.155529,-0.103331
-1.169556,0.383423,-0.036133,-0.845820,0.156594,-0.088417
-1.049561,0.331421,-0.056885,-0.765925,0.155529,-0.010653
-0.950439,0.311279,-0.076294,-0.716923,0.183226,0.098004
-0.919312,0.291016,-0.069214,-0.729706,0.223706,0.182160
-0.938354,0.292114,-0.054810,-0.775513,0.260990,0.227967
-0.986450,0.272583,-0.022827,-0.726511,0.258859,0.266316
-0.992187,0.264404,-0.018066,-0.551807,0.221575,0.337689
-0.962402,0.225830,-0.033813,-0.362190,0.175769,0.348342
-0.932373,0.240845,-0.054077,-0.188552,0.154463,0.419714
-0.908813,0.248535,-0.063110,-0.138484,0.159790,0.485761
-0.940674,0.223389,-0.053467,-0.033023,0.147007,0.532632
-0.947876,0.217285,-0.047485,0.112918,0.119310,0.560329
-0.945923,0.232422,-0.051025,0.184291,0.086286,0.533698
-0.949341,0.258301,-0.061401,0.161920,0.064981,0.482565
-0.966431,0.272827,-0.074463,0.073503,0.049002,0.438889
-0.968140,0.255249,-0.086792,0.018110,0.034088,0.429302
-0.957397,0.231445,-0.089844,0.034088,0.015979,0.407996
-0.935913,0.222412,-0.083008,0.069242,-0.003196,0.355798
-0.922729,0.230957,-0.081421,0.067112,-0.034088,0.273773
-0.899780,0.248901,-0.094116,-0.004261,-0.038350,0.231162
-0.886353,0.258057,-0.095093,-0.094809,-0.031958,0.217314
-0.873657,0.245361,-0.083130,-0.167247,-0.021305,0.168312
-0.873779,0.256348,-0.072876,-0.279099,-0.012783,0.063916
-0.883545,0.248901,-0.064453,-0.334493,-0.010653,-0.022371
-0.900024,0.246094,-0.057251,-0.328102,-0.013848,-0.112918
-0.914062,0.244995,-0.047363,-0.302535,-0.022371,-0.213053
-0.942505,0.268188,-0.040771,-0.320645,-0.027697,-0.354733
-0.980225,0.274170,-0.039307,-0.351537,-0.026632,-0.526241
-1.003418,0.250488,-0.021362,-0.404801,-0.025566,-0.598679
-1.066772,0.262085,-0.013184,-0.392017,-0.030893,-0.694553
-1.168213,0.275757,-0.010742,-0.390952,-0.047937,-0.849016
-1.278442,0.262085,-0.006714,-0.340885,-0.067112,-0.947020
-1.380493,0.261230,-0.007568,-0.260990,-0.069242,-0.996023
-1.396606,0.259888,-0.005615,-0.202400,-0.041545,-0.967261
-1.224854,0.235596,-0.007324,-0.137419,0.038350,-0.843690
-0.936768,0.210937,0.007813,-0.171508,0.169377,-0.691357
-0.723145,0.194580,0.047852,-0.322775,0.304666,-0.564590
-0.661255,0.161865,0.077759,-0.496413,0.397344,-0.365386
-0.744019,0.089722,0.075928,-0.415453,0.382430,-0.268447
-0.828491,0.081299,0.058716,-0.226901,0.330232,-0.213053
-0.908569,0.094971,0.037964,-0.051133,0.280165,-0.241815
-0.969238,0.124634,0.020996,0.058590,0.253533,-0.265251
-1.012939,0.175537,0.017090,0.099070,0.263120,-0.274838
-1.031860,0.185425,0.028198,0.041545,0.296144,-0.285491
-1.031372,0.192505,0.053833,-0.008522,0.330232,-0.295078
-0.997681,0.171021,0.074097,-0.011718,0.343015,-0.278034
-0.949585,0.159424,0.068115,0.053263,0.343015,-0.256729
-0.932251,0.113770,0.110107,0.325971,0.269512,-0.227967
-0.986572,0.048706,0.137329,0.835168,0.093743,-0.153398
-0.964111,0.020020,0.052002,1.426390,-0.091613,-0.104396
-0.920166,0.060303,-0.027832,1.848235,-0.193878,-0.151268
-0.902710,0.135498,-0.062012,1.967544,-0.222640,-0.236489
-0.937256,0.139404,-0.045044,2.033591,-0.262055,-0.235424
-0.961548,0.079346,-0.072021,2.256231,-0.320645,-0.164051
-0.921875,0.048584,-0.105469,2.426673,-0.341950,-0.201335
-0.871826,0.097412,-0.114868,2.481002,-0.336624,-0.317449
-0.832764,0.141724,-0.135742,2.152900,-0.259925,-0.331297
-0.831909,0.113892,-0.127075,1.963283,-0.197074,-0.254598
-0.887329,0.064941,-0.085327,1.888715,-0.175769,-0.214118
-0.953369,0.035767,-0.048828,1.883388,-0.202400,-0.234358
-1.000610,0.037964,-0.020630,1.925999,-0.259925,-0.280165
-1.040649,0.057007,-0.025879,1.930260,-0.280165,-0.338754
-1.075073,0.071289,0.026489,1.933456,-0.259925,-0.346211
-1.071167,0.046021,0.153320,1.948370,-0.272708,-0.233293
-1.126953,-0.022461,0.231201,2.006959,-0.377104,-0.091613
-1.329102,-0.080933,0.206665,2.155031,-0.774448,-0.103331
-1.547852,-0.034546,0.075439,2.151835,-0.557134,-0.109722
-1.384521,-0.026245,0.144531,2.123073,-0.573112,0.098004
-1.050049,-0.078125,0.156860,2.033591,-0.574178,0.280165
-0.826294,-0.068604,0.223389,1.911085,-0.530502,0.257794
-0.799438,-0.004639,0.297852,1.849300,-0.550742,0.116114
-0.863770,0.068115,0.257568,1.683118,-0.580569,0.083091
-0.967285,0.093628,0.221802,1.441303,-0.584830,0.208792
-1.104736,0.079590,0.236938,1.368865,-0.606136,0.256729
-1.187500,0.070923,0.251831,1.461543,-0.670052,0.287622
-1.158325,0.100220,0.226196,1.656487,-0.753142,0.472978
-1.052368,0.145630,0.192993,1.767274,-0.759534,0.494283
-0.988525,0.221558,0.196167,1.765144,-0.742490,0.528371
-0.976196,0.257202,0.204224,1.782188,-0.749946,0.658334
-0.968750,0.257813,0.190063,1.875932,-0.765925,0.811732
-0.947144,0.264893,0.160156,1.955826,-0.770186,0.880974
-0.931641,0.338379,0.144409,1.850365,-0.745685,0.884170
-0.918701,0.407837,0.134644,1.616007,-0.695618,0.906540
-0.929199,0.420288,0.148437,1.411476,-0.660464,0.907606
-0.943970,0.383423,0.148071,1.418933,-0.649812,0.898018
-0.844727,0.389526,0.113892,1.440238,-0.625310,0.792557
-0.788452,0.428833,0.092407,1.304950,-0.568851,0.725445
-0.701782,0.404419,0.091431,1.099353,-0.504936,0.637028
-0.651978,0.392578,0.089111,0.945955,-0.445281,0.535828
-0.644653,0.397583,0.094727,0.818123,-0.380300,0.432498
-0.672607,0.412109,0.096924,0.681770,-0.313188,0.323841
-0.707642,0.437256,0.086060,0.520915,-0.246076,0.222640
-0.750732,0.441162,0.083496,0.355798,-0.213053,0.115049
-0.859863,0.469604,0.105713,0.253533,-0.165116,0.057524
-0.921265,0.448364,0.119385,0.264186,-0.131028,-0.050067
-0.968750,0.465332,0.116455,0.245011,-0.107592,-0.106526
-0.962524,0.474365,0.119263,0.143811,-0.061785,-0.106526
-0.959839,0.469238,0.144897,0.008522,-0.037284,-0.125701
-0.982422,0.443359,0.157593,-0.052198,-0.049002,-0.174703
-1.027710,0.404175,0.150024,0.033023,-0.071373,-0.217314
-1.087891,0.420654,0.131226,0.184291,-0.104396,-0.303600
-1.110718,0.438110,0.135864,0.255664,-0.120375,-0.376038
-1.062622,0.438721,0.143188,0.256729,-0.134223,-0.450607
-0.997681,0.447998,0.180298,0.502805,-0.159790,-0.415453
-0.853027,0.351440,0.178711,0.494283,-0.184291,-0.388822
-0.735962,0.365601,0.176880,0.659399,-0.178964,-0.313188
-0.644287,0.368408,0.172852,0.719054,-0.180030,-0.153398
-0.640381,0.370728,0.175537,0.643420,-0.128897,-0.095874
-0.721069,0.422974,0.215820,0.618919,-0.127832,0.128897
-0.852661,0.387573,0.223633,0.666856,-0.085221,0.248207
-0.977173,0.388916,0.240723,0.774448,-0.049002,0.252468
-1.013550,0.429321,0.238403,0.812797,-0.132093,0.178964
-0.985596,0.481201,0.234863,0.755273,-0.173638,0.126767
-0.903198,0.493042,0.258545,0.689226,-0.257794,0.196009
-0.773315,0.453247,0.282104,0.735033,-0.338754,0.257794
-0.705811,0.446045,0.247925,0.810667,-0.392017,0.282295
-0.655029,0.465332,0.202271,0.834102,-0.380300,0.352603
-0.638184,0.475220,0.181396,0.786165,-0.318514,0.345146
-0.644775,0.506348,0.181885,0.656203,-0.254598,0.253533
-0.668457,0.514893,0.200073,0.575243,-0.238619,0.189617
-0.700928,0.508911,0.206299,0.604005,-0.274838,0.123571
-0.710937,0.520752,0.213013,0.650877,-0.309992,0.026632
-0.701294,0.546021,0.192017,0.655138,-0.332363,-0.071373
-0.648926,0.571777,0.154419,0.529437,-0.279099,-0.106526
-0.628052,0.592163,0.170410,0.422910,-0.197074,-0.151268
-0.632446,0.578735,0.200439,0.395213,-0.129962,-0.151268
-0.636841,0.565674,0.216553,0.407996,-0.086286,-0.188552
-0.650879,0.584473,0.215210,0.410127,-0.051133,-0.229032
-0.676270,0.619507,0.207520,0.336624,-0.009587,-0.250337
-0.738159,0.659912,0.211304,0.198139,0.033023,-0.296144
-0.830933,0.671387,0.221436,0.106526,0.058590,-0.304666
-0.901611,0.644409,0.221924,0.128897,0.066046,-0.269512
-0.980957,0.637085,0.263550,0.235424,0.083091,-0.345146
-1.161621,0.673706,0.275146,0.315318,0.056459,-0.419714
-1.183960,0.682983,0.257813,0.314253,0.026632,-0.486826
-1.176758,0.681274,0.239014,0.204531,0.011718,-0.543285
-1.129028,0.652222,0.229980,-0.001065,-0.003196,-0.550742
-1.022461,0.583984,0.218628,-0.225836,-0.023436,-0.456999
-0.901733,0.505005,0.205811,-0.353668,-0.066046,-0.282295
-0.831787,0.431885,0.182861,-0.363255,-0.128897,-0.042611
-0.826416,0.438354,0.139160,-0.630637,-0.141680,0.098004
-0.882202,0.529907,0.146973,-1.428520,-0.105461,0.148072
-1.072998,0.345093,0.244507,-1.509480,-0.090548,0.254598
-1.135864,0.234253,0.312256,-0.999218,-0.224771,0.274838
-1.072632,0.293457,0.295776,-0.629572,-0.475108,0.288687
-0.942627,0.527588,0.178711,-1.106810,-0.592287,0.103331
-0.875488,0.487061,0.116333,-1.666074,-0.490022,0.165116
-0.830688,0.207275,0.162842,-1.552091,-0.380300,0.422910
-0.799438,0.151245,0.222900,-1.211206,-0.416519,0.360060
-0.798706,0.340576,0.251587,-1.319863,-0.465521,0.160855
-0.811279,0.374146,0.286499,-1.592571,-0.433563,0.119310
-0.813965,0.210815,0.340088,-1.374192,-0.509197,0.239685
-0.791138,0.150879,0.375244,-0.985370,-0.609331,0.150202
-0.767212,0.245972,0.358521,-0.849016,-0.684965,0.028762
-0.736572,0.342896,0.289429,-1.194162,-0.601875,-0.088417
-0.732056,0.271606,0.331421,-1.484979,-0.452738,-0.059655
-0.738525,0.177002,0.430786,-1.399758,-0.403735,-0.096939
-0.762939,0.140015,0.523560,-1.068461,-0.492152,-0.170442
-0.763916,0.208008,0.570312,-0.856473,-0.566721,-0.273773
-0.791138,0.320801,0.563354,-0.921454,-0.565656,-0.356864
-0.836304,0.244995,0.574707,-0.873517,-0.531567,-0.295078
-0.835937,0.135620,0.567871,-0.561395,-0.536893,-0.306796
-0.843018,0.190796,0.541016,-0.415453,-0.493218,-0.399474
-0.854248,0.197144,0.592041,-0.382430,-0.460194,-0.421845
-0.861816,0.103271,0.650513,-0.131028,-0.622115,-0.370712
-0.894165,0.157837,0.619995,-0.194943,-0.496413,-0.422910
-1.012939,0.086548,0.654907,-0.109722,-0.332363,-0.491087
-1.127930,0.011597,0.676758,0.279099,-0.193878,-0.591222
-1.187988,0.010132,0.660767,0.841559,-0.108657,-0.752077
-1.111450,0.080444,0.576416,1.592571,-0.269512,-0.583765
-0.925293,0.091797,0.341553,2.690859,-0.551807,-0.506001
-0.723511,-0.113892,0.238403,3.613379,-0.738229,-0.339819
-0.721558,-0.131592,0.145874,4.516723,-0.854342,-0.331297
-0.775146,-0.070557,0.094604,5.165470,-0.825580,-0.393083
-0.843384,0.009277,0.065674,5.660818,-0.784035,-0.470847
-0.908081,0.142700,0.040894,5.953765,-0.785100,-0.552872
-0.891968,0.378906,0.027100,5.483984,-0.751012,-0.679639
-0.854614,0.522217,0.071289,4.535898,-0.640224,-0.728641
-0.801514,0.541016,0.137573,3.450393,-0.518784,-0.749946
-0.760742,0.546143,0.171631,2.038917,-0.338754,-0.773382
-0.724243,0.427979,0.178833,1.510546,-0.221575,-0.761664
-0.703735,0.377930,0.191528,1.317733,-0.127832,-0.765925
-0.702393,0.376709,0.222778,1.312406,-0.047937,-0.794688
-0.707153,0.379761,0.249023,1.449826,-0.007457,-0.827711
-0.728516,0.450806,0.247192,1.441303,0.047937,-0.911867
-0.755493,0.488892,0.247803,1.283644,0.122505,-0.906540
-0.750366,0.485474,0.252930,1.079113,0.194943,-0.939564
-0.744385,0.487305,0.253418,0.878844,0.266316,-1.004545
-0.746948,0.484009,0.262695,0.709466,0.338754,-1.020524
-0.756348,0.414185,0.295410,0.690292,0.401605,-1.009871
-0.784302,0.436523,0.296753,0.711597,0.418649,-1.015197
-0.813110,0.450439,0.293091,0.698814,0.435693,-0.990696
-0.840576,0.461426,0.295288,0.680704,0.443150,-0.970456
-0.874634,0.458740,0.302612,0.611462,0.450607,-0.962999
-0.937866,0.420776,0.347412,0.604005,0.423975,-0.927846
-1.011719,0.370972,0.354492,0.746751,0.323841,-0.847951
-1.044067,0.337769,0.321533,0.988566,0.165116,-0.780839
-1.028442,0.366211,0.272583,1.080179,0.085221,-0.715858
-1.095703,0.355103,0.249146,0.982174,0.031958,-0.679639
-1.277466,0.449829,0.326782,0.803210,-0.020240,-0.655138
-1.364136,0.478394,0.377319,0.655138,-0.133158,-0.595483
-1.392456,0.453979,0.393311,0.646616,-0.286556,-0.450607
-1.293457,0.357788,0.355835,0.823450,-0.500674,-0.248207
-1.083496,0.220093,0.285034,1.094027,-0.711597,-0.034088
-0.943604,0.206299,0.257324,1.236773,-0.860734,0.104396
-0.935303,0.296997,0.265381,1.112136,-0.935303,0.220510
-0.983765,0.375610,0.275024,0.778709,-0.959804,0.389887
-1.047607,0.382690,0.295654,0.347276,-0.969391,0.696683
-1.088623,0.290405,0.328735,0.052198,-1.055678,0.886300
-1.086670,0.255859,0.328613,0.132093,-1.177118,1.024785
-1.079590,0.263550,0.313477,0.276969,-1.303884,1.113202
-1.082153,0.308838,0.283447,0.306796,-1.395497,1.177118
-1.104248,0.385498,0.246216,0.113983,-1.425324,1.214402
-1.106934,0.418823,0.219482,-0.201335,-1.402954,1.265535
-1.112183,0.360596,0.237427,-0.377104,-1.384844,1.293232
-1.066162,0.334961,0.252563,-0.276969,-1.396562,1.244229
-1.087646,0.353027,0.270508,-0.119310,-1.424259,1.393366
-1.003784,0.386353,0.296631,-0.229032,-1.363539,1.205880
-0.956665,0.468750,0.299683,-0.411192,-1.296427,1.197358
-0.918823,0.430420,0.338501,-0.428236,-1.262339,1.234642
-0.864868,0.384644,0.357178,-0.289752,-1.272992,1.226120
-0.794067,0.376221,0.322021,-0.121440,-1.252751,1.225055
-0.726685,0.375122,0.337402,-0.029827,-1.195227,1.216532
-0.664673,0.427490,0.415649,-0.103331,-1.092962,1.165400
-0.612305,0.423828,0.471924,-0.249272,-0.990696,1.128116
-0.536987,0.361572,0.454346,-0.296144,-0.910801,1.114267
-0.479126,0.301514,0.435791,-0.248207,-0.576308,1.025850
-0.377441,0.265137,0.422974,-0.151268,-0.700944,0.962999
-0.369873,0.262329,0.408569,-0.151268,-0.563525,0.830907
-0.369629,0.262451,0.398315,-0.160855,-0.403735,0.651942
-0.385620,0.267334,0.399170,-0.154463,-0.227967,0.433563
-0.423950,0.254395,0.397339,-0.108657,-0.051133,0.229032
-0.454590,0.250244,0.381958,0.022371,0.113983,0.049002
-0.488281,0.260498,0.348267,0.204531,0.297209,-0.137419
-0.565308,0.321411,0.334961,0.268447,0.512392,-0.361125
-0.663940,0.371948,0.311401,0.153398,0.793622,-0.673247
-0.789673,0.427490,0.327881,-0.079895,1.267665,-1.231446
-0.973999,0.503906,0.373047,-0.108657,1.518003,-1.465804
-0.985840,0.455322,0.419189,-0.063916,1.645834,-1.594702
-0.958618,0.403564,0.480957,-0.111853,1.635182,-1.624529
-0.962158,0.384033,0.485596,-0.253533,1.526525,-1.618137
-1.018677,0.361572,0.443359,-0.438889,1.365670,-1.595767
-1.083008,0.296997,0.416138,-0.486826,1.130246,-1.556352
-1.102661,0.203735,0.381592,-0.217314,0.842625,-1.531851
-1.083984,0.096558,0.330322,0.396279,0.565656,-1.541438
-1.071411,0.081055,0.310425,1.193097,0.167247,-1.587245
-0.997925,0.284668,0.358154,2.076201,0.011718,-1.625594
-0.946289,0.477417,0.358521,2.087919,-0.072438,-1.639443
-0.896362,0.554810,0.328979,1.781123,-0.089482,-1.481784
-0.861938,0.481323,0.297363,1.555287,-0.090548,-1.393366
-0.853638,0.414307,0.297241,1.556352,-0.132093,-1.303884
-0.936401,0.404785,0.317383,1.722533,-0.252468,-1.164335
-0.780151,0.273071,0.349731,2.220012,-0.430367,-1.539308
-0.843506,0.613525,0.285034,2.593920,-0.535828,-0.029827
-0.764648,0.359009,0.231689,2.532135,-0.520915,-0.574178
-0.746582,0.507812,0.148682,2.151835,-0.376038,-0.950216
-0.806030,0.563232,0.154297,1.945174,-0.355798,-0.680704
-0.737671,0.503052,0.158569,1.827995,-0.257794,-0.581635
-0.733643,0.455444,0.148071,1.777927,-0.153398,-0.672182
-0.738770,0.486694,0.140503,1.731055,-0.088417,-0.678574
-0.737427,0.508301,0.134277,1.598963,0.005326,-0.597614
-0.753906,0.508301,0.124634,1.400823,0.120375,-0.535828
-0.772949,0.534790,0.123169,1.147290,0.254598,-0.441020
-0.797363,0.560669,0.157837,0.843690,0.413323,-0.294013
-0.879272,0.575195,0.222656,0.299339,0.539024,-0.071373
-0.962769,0.514038,0.307983,0.388822,0.527306,-0.034088
-0.995117,0.432983,0.354004,0.512392,0.417584,-0.149137
-1.011108,0.363770,0.350464,0.892692,0.238619,-0.321710
-1.047729,0.466187,0.327148,1.167530,0.166181,-0.364321
-1.149536,0.599121,0.363037,1.055678,0.199205,-0.229032
-1.276855,0.571777,0.410034,0.890561,0.167247,-0.164051
-1.303833,0.443604,0.429687,0.950216,0.000000,-0.651942
-1.201904,0.526123,0.439209,0.988566,-0.135289,-0.925715
-1.079102,0.473022,0.425537,0.973652,-0.284426,-0.661529
-0.824463,0.367065,0.303345,0.966195,-0.377104,-0.150202
-0.698730,0.366333,0.217896,0.732902,-0.362190,0.158724
-0.725342,0.430542,0.208618,0.201335,-0.235424,0.321710
-0.811401,0.474365,0.234009,-0.511327,-0.064981,0.245011
-0.947021,0.560669,0.281372,-1.194162,0.111853,0.320645
-1.015137,0.485596,0.296143,-1.579788,0.177899,0.411192
-0.961548,0.359619,0.267456,-1.463674,0.084156,0.369647
-0.859375,0.320923,0.214355,-1.095092,-0.057524,0.302535
-0.840942,0.512329,0.167847,-0.937433,-0.156594,0.768056
-0.814331,0.423462,0.140137,-1.139833,-0.155529,0.639159
-0.771606,0.519043,0.099365,-1.413607,-0.062851,0.614658
-0.876953,0.484375,0.092896,-1.551026,-0.079895,0.500674
-0.864746,0.504883,0.094604,-1.565939,-0.145941,0.530502
-0.871582,0.516846,0.095459,-1.546765,-0.173638,0.610397
-0.915161,0.533081,0.086060,-1.499893,-0.207727,0.657268
-0.945068,0.532593,0.069702,-1.478588,-0.243946,0.658334
-0.969116,0.498169,0.064209,-1.380583,-0.315318,0.614658
-0.907959,0.497925,0.063354,-1.232512,-0.349407,0.639159
-0.918701,0.489746,0.072510,-1.095092,-0.385626,0.664725
-0.893066,0.502441,0.064453,-0.958738,-0.415453,0.770186
-0.902100,0.520996,0.058716,-0.989631,-0.378169,0.780839
-0.942383,0.506958,0.065186,-1.000284,-0.330232,0.772317
-0.924194,0.516846,0.075928,-0.988566,-0.236489,0.842625
-0.915283,0.488892,0.102173,-0.993892,-0.144876,0.842625
-0.890015,0.471558,0.113770,-1.031176,-0.034088,0.829841
-0.893188,0.464966,0.107666,-1.101484,0.066046,0.793622
-0.859131,0.443237,0.118286,-1.195227,0.174703,0.735033
-0.942871,0.413452,0.165039,-1.223989,0.259925,0.660464
-0.991699,0.453735,0.199829,-1.379518,0.436759,0.514523
-1.069214,0.400391,0.279785,-1.388040,0.540089,0.406931
-1.070313,0.386841,0.307495,-1.346495,0.604005,0.281230
-1.024414,0.298584,0.321045,-1.209076,0.639159,0.115049
-0.892578,0.287354,0.310059,-0.944890,0.618919,0.164051
-0.668701,0.270264,0.289429,-0.818123,0.666856,0.369647
-0.591309,0.242065,0.297607,-0.920389,0.700944,0.461260
-0.658081,0.335693,0.301636,-1.235707,0.784035,0.481500
-0.783447,0.409912,0.284790,-1.674596,0.917193,0.617854
-0.898193,0.418579,0.257324,-2.079397,1.042894,0.733967
-0.977173,0.365723,0.267578,-2.218947,1.169661,0.765925
-0.957520,0.299438,0.286377,-1.970740,1.130246,0.747816
-0.860718,0.281006,0.277100,-1.596832,1.051416,0.702010
-0.788818,0.284424,0.267700,-1.303884,0.973652,0.553938
-0.736938,0.344971,0.273560,-1.223989,0.977913,0.311057
-0.721924,0.405151,0.271484,-1.357147,1.059939,0.207727
-0.788208,0.400146,0.302856,-1.486045,1.040764,0.218379
-0.807739,0.490845,0.296997,-1.508415,1.010936,0.794688
-0.734131,0.364746,0.267456,-1.556352,1.121724,0.525176
-0.834473,0.349243,0.257080,-1.370996,1.053547,0.367516
-0.830322,0.381470,0.268311,-1.326255,1.037568,0.253533
-0.859985,0.362305,0.280518,-1.262339,0.983239,0.149137
-0.843872,0.333252,0.276123,-1.144094,0.912932,0.101200
-0.827759,0.311035,0.255981,-1.014132,0.838363,0.026632
-0.823364,0.314697,0.254150,-0.960869,0.795753,-0.010653
-0.862427,0.312378,0.275513,-0.975783,0.743555,-0.106526
-0.894775,0.402832,0.283813,-1.072722,0.735033,0.148072
-0.951904,0.332153,0.295532,-1.106810,0.671117,0.265251
-0.949097,0.318848,0.332520,-0.994957,0.534763,0.410127
-0.920288,0.322754,0.339722,-0.761664,0.351537,0.502805
-0.838257,0.320313,0.308105,-0.666856,0.258859,0.432498
-0.805908,0.404053,0.265991,-0.710532,0.266316,0.490022
-0.941284,0.361328,0.261841,-0.776578,0.254598,0.394148
-0.938599,0.459595,0.266235,-0.826646,0.348342,0.084156
-1.056885,0.574707,0.252197,-0.809601,0.399474,0.233293
-1.101074,0.531494,0.267822,-0.728641,0.400540,0.177899
-1.026855,0.558838,0.278198,-0.553938,0.334493,0.023436
-0.901855,0.620972,0.245728,-0.370712,0.211988,0.334493
-0.739136,0.549316,0.163818,-0.308927,0.189617,0.550742
-0.626587,0.552246,0.077026,-0.461260,0.275904,0.517719
-0.667114,0.624146,0.083984,-0.780839,0.377104,0.488957
-0.737061,0.682617,0.116821,-1.210141,0.492152,0.482565
-0.844604,0.709106,0.148804,-1.561678,0.580569,0.530502
-0.938599,0.694336,0.176636,-1.702293,0.590157,0.523045
-0.954346,0.647705,0.202759,-1.616007,0.517719,0.479369
-0.930908,0.622070,0.208252,-1.367800,0.389887,0.498544
-0.891968,0.616089,0.197388,-1.082309,0.235424,0.580569
-0.851929,0.612671,0.174683,-0.866060,0.115049,0.682835
-0.838501,0.614380,0.150146,-0.760599,0.038350,0.676443
-0.853882,0.639771,0.160645,-0.787231,0.011718,0.694553
-0.862793,0.631592,0.180664,-0.856473,-0.014914,0.735033
-0.868042,0.590820,0.182007,-0.841559,-0.051133,0.805340
-0.873291,0.565796,0.176392,-0.770186,-0.082025,0.835168
-0.872925,0.545898,0.169067,-0.660464,-0.103331,0.852212
-0.858032,0.543945,0.157959,-0.582700,-0.103331,0.852212
-0.829712,0.542358,0.169922,-0.586961,-0.080960,0.849016
-0.798828,0.530640,0.205688,-0.630637,-0.061785,0.860734
-0.786255,0.504150,0.215576,-0.588026,-0.052198,0.872452
-0.774536,0.486938,0.199097,-0.550742,-0.023436,0.847951
-0.782959,0.500244,0.200684,-0.584830,0.030893,0.787231
-0.810547,0.518188,0.209473,-0.721184,0.109722,0.729706
-0.842407,0.506714,0.227173,-0.875648,0.194943,0.674313
-0.871948,0.496460,0.245972,-0.936368,0.258859,0.600809
-0.895630,0.496338,0.267700,-0.932107,0.306796,0.535828
-0.889282,0.468140,0.284790,-0.900149,0.340885,0.495348
-0.868774,0.471436,0.286011,-0.902279,0.381365,0.436759
-0.852783,0.486694,0.280762,-1.001349,0.449542,0.340885
-0.836060,0.484009,0.335693,-1.360343,0.578439,0.292948
-0.845337,0.455444,0.346558,-1.608550,0.648746,0.258859
-0.877930,0.413330,0.325073,-1.733186,0.723315,0.211988
-0.931641,0.380005,0.305664,-1.682053,0.801079,0.119310
-0.909424,0.358032,0.314819,-1.518003,0.870321,-0.008522
-0.803711,0.336914,0.363037,-1.397627,0.924650,-0.122505
-0.694946,0.310059,0.397095,-1.358213,0.954477,-0.175769
-0.603149,0.283813,0.374023,-1.366735,0.964065,-0.197074
-0.562500,0.265869,0.332275,-1.386975,0.973652,-0.205596
-0.604126,0.255615,0.300171,-1.321994,1.000284,-0.249272
-0.769775,0.272583,0.298828,-1.180313,1.001349,-0.304666
-0.885376,0.296143,0.303345,-0.971522,0.989631,-0.357929
-0.939087,0.315063,0.313477,-0.748881,0.959804,-0.432498
-0.941284,0.327148,0.318237,-0.530502,0.912932,-0.508131
-0.925049,0.356201,0.298950,-0.381365,0.870321,-0.584830
-0.909058,0.368530,0.268188,-0.337689,0.859669,-0.625310
-0.903687,0.374878,0.255371,-0.380300,0.883105,-0.663660
-0.910767,0.385254,0.255859,-0.456999,0.906540,-0.690292
-0.926025,0.400513,0.258301,-0.557134,0.923585,-0.649812
-0.946777,0.387451,0.252930,-0.635963,0.893757,-0.568851
-0.963135,0.365356,0.228027,-0.607201,0.843690,-0.484696
-0.943848,0.323608,0.238281,-0.510262,0.719054,-0.655138
-0.863281,0.573242,0.198364,-0.545416,0.740359,0.231162
-0.925415,0.276855,0.204834,-0.830907,0.824515,0.101200
-0.884155,0.315674,0.235229,-0.811732,0.739294,-0.253533
-0.896118,0.377808,0.245117,-0.864995,0.627441,-0.109722
-0.857422,0.240479,0.258179,-0.712662,0.482565,-0.150202
-0.822632,0.275757,0.220337,-0.488957,0.339819,-0.098004
-0.798096,0.265015,0.200562,-0.233293,0.150202,0.142745
-0.793213,0.277466,0.207520,-0.145941,0.069242,0.194943
-0.829956,0.302734,0.219116,-0.093743,0.027697,0.260990
-0.842773,0.291626,0.221191,-0.018110,0.017044,0.275904
-0.896729,0.337646,0.226318,0.100135,-0.008522,0.259925
-0.900757,0.388306,0.242676,0.088417,0.034088,0.332363
-0.907715,0.417236,0.251953,-0.008522,0.075634,0.379234
-0.922119,0.408447,0.228882,-0.079895,0.118244,0.411192
-0.928589,0.389526,0.201782,-0.051133,0.174703,0.433563
-0.975098,0.412842,0.208984,0.028762,0.241815,0.393083
-1.061523,0.470825,0.211670,-0.042611,0.229032,0.354733
-1.048950,0.477173,0.171875,-0.039415,0.303600,0.378169
-1.056396,0.486816,0.150635,-0.017044,0.327036,0.296144
-1.017822,0.527100,0.124634,-0.053263,0.312123,0.289752
-0.919067,0.497803,0.083252,-0.150202,0.287622,0.396279
-0.837036,0.445312,0.027954,-0.260990,0.307862,0.512392
-0.838257,0.466064,-0.002441,-0.448477,0.389887,0.529437
-0.910645,0.507935,0.010376,-0.728641,0.484696,0.537959
-1.034302,0.522827,0.059082,-1.034372,0.521980,0.492152
-1.126831,0.523437,0.095825,-1.221859,0.411192,0.531567
-1.150757,0.461914,0.074829,-1.082309,0.303600,0.510262
-1.105469,0.433350,0.022095,-0.868191,0.199205,0.607201
-1.038574,0.417847,-0.019531,-0.677508,0.165116,0.679639
-0.985107,0.426147,-0.041382,-0.591222,0.133158,0.772317
-0.954224,0.440552,-0.036133,-0.577374,0.107592,0.923585
-0.911255,0.406128,-0.024536,-0.550742,0.089482,1.057808
-0.874023,0.374023,-0.010864,-0.474043,0.066046,1.123854
-0.859863,0.380493,-0.011597,-0.435693,0.044741,1.110006
-0.863281,0.400635,-0.018921,-0.482565,0.034088,1.080179
-0.849487,0.381592,-0.009155,-0.567786,0.024501,1.069526
-0.861328,0.314209,0.002563,-0.475108,-0.042611,0.662595
-0.868286,0.437622,-0.003174,-0.396279,-0.030893,0.845820
-0.842896,0.364624,-0.001343,-0.387756,-0.062851,0.840494
-0.826050,0.351196,-0.006958,-0.302535,-0.090548,0.704140
-0.818359,0.384399,-0.003784,-0.325971,-0.102265,0.542220
-0.851929,0.383423,0.013672,-0.365386,-0.116114,0.401605
-0.891235,0.387817,0.018677,-0.406931,-0.133158,0.269512
-0.939941,0.389038,0.007568,-0.418649,-0.140615,0.198139
-0.968262,0.374634,0.003052,-0.358994,-0.131028,0.131028
-0.986206,0.343506,0.013672,-0.271643,-0.105461,0.064981
-0.977051,0.339355,0.027832,-0.222640,-0.067112,-0.034088
-0.986450,0.350220,0.029053,-0.287622,-0.004261,-0.176834
-1.058960,0.377075,0.032837,-0.446346,0.078830,-0.384561
-1.136475,0.390381,0.040283,-0.640224,0.164051,-0.614658
-1.177246,0.380493,0.041870,-0.754208,0.248207,-0.796818
-1.209595,0.367554,0.044800,-0.788296,0.333428,-0.927846
-1.141724,0.342163,0.062256,-0.753142,0.409062,-1.006675
-0.971069,0.329224,0.090698,-0.719054,0.521980,-0.975783
-0.712646,0.311035,0.124146,-0.772317,0.592287,-0.873517
-0.635132,0.295654,0.133179,-0.879909,0.663660,-0.786165
-0.685425,0.279297,0.144653,-0.961934,0.717989,-0.740359
-0.809326,0.305542,0.150513,-1.090831,0.743555,-0.744620
-0.919922,0.308594,0.142334,-1.176052,0.757403,-0.681770
-0.996582,0.295166,0.149536,-1.156878,0.757403,-0.613593
-1.014648,0.266235,0.171631,-1.007741,0.729706,-0.597614
-0.999512,0.268799,0.199585,-0.777643,0.697748,-0.588026
-0.953491,0.264893,0.212769,-0.606136,0.623180,-0.671117
-0.903320,0.318726,0.199463,-0.549677,0.616788,-0.581635
-0.846924,0.332764,0.193726,-0.621049,0.634898,-0.499609
-0.849243,0.331909,0.205811,-0.667921,0.635963,-0.403735
-0.859253,0.316650,0.219727,-0.673247,0.616788,-0.373908
-0.871094,0.328003,0.228394,-0.672182,0.585896,-0.351537
-0.894653,0.341675,0.236816,-0.673247,0.548611,-0.311057
-0.916016,0.347290,0.234375,-0.667921,0.501740,-0.253533
-0.921631,0.343506,0.231689,-0.634898,0.448477,-0.202400
-0.900146,0.318604,0.231934,-0.577374,0.389887,-0.162986
-0.897339,0.333618,0.238770,-0.455933,0.276969,-0.010653
-0.847534,0.292969,0.235962,-0.413323,0.232228,-0.025566
-0.844482,0.321899,0.219604,-0.362190,0.165116,0.025566
-0.848022,0.331421,0.207397,-0.392017,0.109722,0.085221
-0.875732,0.317749,0.206787,-0.392017,0.054329,0.160855
-0.915039,0.302490,0.202271,-0.348342,-0.010653,0.183226
-0.954468,0.294556,0.193481,-0.260990,-0.084156,0.201335
-0.983276,0.285645,0.182495,-0.125701,-0.162986,0.246076
-0.978882,0.267822,0.163452,0.044741,-0.240750,0.323841
-0.959595,0.252075,0.131226,0.233293,-0.295078,0.384561
-0.969849,0.258667,0.102661,0.382430,-0.290817,0.399474
-1.176514,0.323242,0.115845,0.291883,-0.257794,0.253533
-1.315430,0.367188,0.117554,0.144876,-0.247141,0.119310
-1.354004,0.359741,0.104980,0.110788,-0.265251,0.102265
-1.318726,0.308350,0.083130,0.221575,-0.298274,0.153398
-1.219238,0.277344,0.049194,0.386691,-0.328102,0.224771
-1.052124,0.255249,0.018188,0.487891,-0.330232,0.358994
-0.903198,0.214111,0.019775,0.541155,-0.312123,0.516653
-0.850342,0.155029,0.010742,0.623180,-0.282295,0.661529
-0.838013,0.159912,-0.006958,0.530502,-0.202400,0.698814
-0.905151,0.216309,-0.003784,0.311057,-0.135289,0.662595
-0.975952,0.192627,0.037109,0.115049,-0.094809,0.625310
-1.067017,0.109741,0.084229,0.137419,-0.132093,0.590157
-1.122559,0.074829,0.063232,0.382430,-0.204531,0.498544
-1.089111,0.104126,0.010620,0.609331,-0.254598,0.378169
-1.018921,0.155762,-0.024292,0.659399,-0.252468,0.273773
-0.975342,0.191895,-0.025269,0.518784,-0.213053,0.223706
-0.948486,0.189941,0.013428,0.340885,-0.171508,0.234358
-0.947754,0.165161,0.059692,0.313188,-0.171508,0.254598
-0.932983,0.179565,0.057617,0.507066,-0.205596,0.254598
-0.924683,0.189575,0.051025,0.586961,-0.229032,0.207727
-0.927002,0.215088,0.054199,0.601875,-0.239685,0.162986
-0.943115,0.233276,0.077271,0.648746,-0.282295,0.192813
-0.931641,0.214111,0.089844,0.841559,-0.356864,0.190682
-0.897827,0.249268,0.082886,1.035437,-0.423975,0.203466
-0.857666,0.286621,0.070190,1.096158,-0.471912,0.184291
-0.825073,0.308228,0.060059,1.062069,-0.497479,0.152333
-0.812988,0.313721,0.051880,1.014132,-0.507066,0.155529
-0.830200,0.314087,0.043091,0.970456,-0.510262,0.136354
-0.887451,0.320068,0.015381,0.891627,-0.494283,0.036219
-0.935181,0.336426,0.009033,0.726511,-0.460194,-0.103331
-0.954346,0.342529,0.019897,0.541155,-0.416519,-0.218379
-0.925293,0.311401,0.037354,0.423975,-0.370712,-0.214118
-0.993896,0.270752,0.042969,0.316384,-0.301470,-0.405866
-1.163574,0.288086,0.049072,0.191748,-0.237554,-0.592287
-1.325928,0.303101,0.020142,0.031958,-0.164051,-0.822384
-1.441895,0.297363,0.004761,-0.052198,-0.066046,-0.970456
-1.394165,0.285522,0.032593,-0.087352,0.063916,-1.018393
-1.177856,0.245239,0.093750,-0.154463,0.294013,-0.935303
-0.804077,0.191040,0.126953,-0.249272,0.433563,-0.771252
-0.747314,0.152100,0.136963,-0.339819,0.524110,-0.576308
-0.840942,0.140381,0.127197,-0.430367,0.559264,-0.449542
-0.920776,0.168579,0.119995,-0.524110,0.569917,-0.423975
-0.969971,0.196777,0.128906,-0.566721,0.553938,-0.439954
-0.980835,0.205322,0.150391,-0.560329,0.514523,-0.446346
-0.939819,0.153198,0.166016,-0.322775,0.468717,-0.400540
-0.878174,0.140747,0.172363,-0.005326,0.428236,-0.416519
-0.853271,0.185181,0.189087,0.262055,0.379234,-0.524110
-0.865723,0.269043,0.226196,0.312123,0.361125,-0.483630
-0.874756,0.269409,0.246826,0.427171,0.343015,-0.373908
-0.859985,0.266479,0.265991,0.583765,0.308927,-0.313188
-0.854736,0.271118,0.277344,0.744620,0.260990,-0.254598
-0.850464,0.295654,0.270874,0.810667,0.211988,-0.192813
-0.853638,0.301147,0.266113,0.852212,0.167247,-0.102265
-0.866089,0.299072,0.260986,0.928911,0.113983,-0.011718
-0.866821,0.292480,0.248047,1.047155,0.052198,0.061785
-0.850586,0.287231,0.227905,1.167530,-0.007457,0.154463
-0.826172,0.296265,0.201538,1.320928,-0.067112,0.171508
-0.792603,0.307617,0.193115,1.358213,-0.085221,0.178964
-0.796631,0.301025,0.188354,1.393366,-0.098004,0.136354
-0.816040,0.319946,0.172241,1.404019,-0.099070,0.139550
-0.849365,0.318237,0.166138,1.396562,-0.096939,0.073503
-0.906128,0.330933,0.162354,1.379518,-0.085221,0.004261
-0.959473,0.314697,0.158325,1.381649,-0.082025,-0.049002
-1.009033,0.268311,0.140137,1.424259,-0.091613,-0.112918
-1.063965,0.250732,0.118286,1.460478,-0.089482,-0.209857
-1.097534,0.245972,0.128662,1.450891,-0.091613,-0.286556
-1.263184,0.225342,0.144775,1.425324,-0.125701,-0.334493
-1.351318,0.221680,0.137573,1.438108,-0.193878,-0.344081
-1.349243,0.210693,0.117065,1.505219,-0.288687,-0.285491
-1.218506,0.163940,0.078979,1.655422,-0.383495,-0.121440
-1.026123,0.099854,0.065063,1.801363,-0.449542,0.092678
-0.909912,0.077148,0.076416,1.867409,-0.499609,0.243946
-0.923218,0.133667,0.081665,1.832256,-0.535828,0.329167
-1.014160,0.199341,0.083252,1.658617,-0.560329,0.437824
-1.162598,0.225098,0.108521,1.475392,-0.648746,0.656203
-1.348999,0.182739,0.134521,1.494567,-0.763795,0.810667
-1.301880,0.165771,0.108032,1.665009,-0.882039,0.970456
-1.198486,0.164185,0.081299,1.888715,-0.971522,1.156878
-1.102539,0.191162,0.070923,2.028264,-1.024785,1.328385
-1.047729,0.218872,0.078369,2.048504,-1.057808,1.494567
-1.029663,0.240112,0.080078,1.968609,-1.094027,1.596832
-1.021606,0.261108,0.088135,1.836517,-1.139833,1.620268
-1.002563,0.269165,0.092773,1.718272,-1.192031,1.571266
-0.954590,0.270386,0.088745,1.670335,-1.246360,1.466870
-0.902466,0.265015,0.080933,1.692706,-1.303884,1.246360
-0.856689,0.300537,0.065796,1.695902,-1.312406,1.042894
-0.850952,0.330200,0.070068,1.670335,-1.294297,0.827711
-0.837524,0.352051,0.072998,1.641573,-1.267665,0.629572
-0.810059,0.371582,0.065674,1.621333,-1.228250,0.445281
-0.777588,0.381104,0.059204,1.598963,-1.174987,0.290817
-0.739746,0.385376,0.056274,1.555287,-1.112136,0.159790
-0.707153,0.391479,0.056763,1.463674,-1.039698,0.025566
-0.685181,0.400879,0.059692,1.331581,-0.961934,-0.091613
-0.677734,0.409180,0.070312,1.166465,-0.859669,-0.220510
-0.674072,0.381592,0.073120,1.004545,-0.806406,-0.269512
-0.681152,0.362915,0.076660,0.983239,-0.772317,-0.336624
-0.721436,0.365356,0.069580,0.968326,-0.759534,-0.447411
-0.804810,0.381348,0.048950,0.923585,-0.754208,-0.582700
-0.904297,0.392578,0.035156,0.869256,-0.748881,-0.709466
-0.989380,0.384033,0.017822,0.875648,-0.743555,-0.834102
-1.108276,0.399780,-0.001099,0.878844,-0.720119,-1.074852
-1.295044,0.463501,-0.000488,0.837298,-0.682835,-1.384844
-1.432129,0.521484,0.009888,0.822384,-0.657268,-1.645834
-1.392944,0.514893,0.055664,0.970456,-0.646616,-1.600028
-1.125854,0.470337,0.038574,1.101484,-0.649812,-1.418933
-0.929810,0.433350,0.034546,1.104680,-0.639159,-1.177118
-0.805664,0.355713,0.040405,1.020524,-0.625310,-0.837298
-0.801147,0.287598,0.033203,1.016263,-0.645550,-0.577374
-0.846924,0.272583,0.012207,1.096158,-0.694553,-0.331297
-0.884155,0.287720,-0.009888,1.150486,-0.724380,-0.194943
-0.947998,0.329590,-0.024658,1.139833,-0.715858,-0.182160
-0.984009,0.363770,-0.035889,1.070591,-0.666856,-0.258859
-0.947144,0.374512,-0.024292,0.941694,-0.530502,-0.468717
-0.863770,0.335693,0.027100,0.810667,-0.423975,-0.574178
-0.797974,0.297607,0.071045,0.864995,-0.327036,-0.637028
-0.754639,0.301147,0.102905,0.904410,-0.232228,-0.700944
-0.744263,0.315186,0.108643,0.878844,-0.139550,-0.740359
-0.734619,0.353882,0.115234,0.769121,-0.053263,-0.754208
-0.738159,0.360352,0.134644,0.654073,0.022371,-0.714793
-0.746338,0.308716,0.150024,0.687096,0.067112,-0.613593
-0.767578,0.294434,0.167358,0.781904,0.099070,-0.565656
-0.813110,0.326172,0.203979,0.821319,0.116114,-0.534763
-0.841431,0.330566,0.222656,0.826646,0.118244,-0.476173
-0.829956,0.313477,0.228394,0.887366,0.122505,-0.446346
-0.823730,0.303101,0.251099,0.991762,0.118244,-0.414388
-0.818726,0.300171,0.278442,1.081244,0.101200,-0.373908
-0.825317,0.287964,0.296265,1.162204,0.068177,-0.321710
-0.834351,0.287109,0.289429,1.254882,0.029827,-0.283360
-0.860474,0.304199,0.286865,1.341169,-0.006392,-0.243946
-0.892700,0.327026,0.285400,1.385910,-0.037284,-0.200270
-0.917236,0.341431,0.283936,1.345430,-0.055394,-0.161920
-0.952148,0.317505,0.311890,1.362474,-0.119310,-0.069242
-1.005981,0.283936,0.322388,1.510546,-0.201335,-0.004261
-1.023071,0.309204,0.300049,1.616007,-0.268447,0.057524
-1.085083,0.380005,0.298584,1.557417,-0.287622,0.094809
-1.174438,0.435669,0.314087,1.324124,-0.281230,0.116114
-1.242920,0.447388,0.334961,1.078048,-0.287622,0.151268
-1.255981,0.417969,0.351929,0.922519,-0.333428,0.210922
-1.176880,0.360840,0.353149,0.928911,-0.437824,0.312123
-1.016479,0.275024,0.321411,1.098288,-0.575243,0.471912
-0.880127,0.247314,0.289673,1.179248,-0.678574,0.614658
-0.848389,0.260132,0.269287,0.933172,-0.722250,0.792557
-0.985718,0.304321,0.303955,0.639159,-0.724380,0.885235
-1.187622,0.326172,0.339111,0.343015,-0.768056,0.975783
-1.312622,0.289917,0.345337,0.252468,-0.882039,1.027981
-1.307861,0.248291,0.319214,0.362190,-0.983239,1.181379
-1.278687,0.190918,0.326172,0.666856,-1.154747,1.154747
-1.225708,0.210083,0.313843,1.052482,-1.317733,1.245295
-1.169678,0.267090,0.287598,1.276187,-1.421063,1.364604
-1.114380,0.295288,0.256226,1.366735,-1.461543,1.480718
-1.067139,0.293335,0.239380,1.313472,-1.422129,1.467935
-1.012329,0.288330,0.231689,1.260208,-1.378453,1.358213
-0.973999,0.303101,0.212646,1.178183,-1.319863,1.237838
-0.913452,0.285889,0.186890,1.095092,-1.247425,1.119593
-0.832764,0.291992,0.164795,0.998153,-1.159008,0.988566
-0.743530,0.292480,0.147339,0.870321,-1.041829,0.892692
-0.669312,0.280151,0.141113,0.723315,-0.906540,0.766991
-0.613525,0.268188,0.143799,0.568851,-0.755273,0.594418
-0.567993,0.266113,0.145386,0.427171,-0.596548,0.407996
-0.533447,0.266602,0.147461,0.292948,-0.433563,0.205596
-0.522217,0.267578,0.145752,0.133158,-0.181095,-0.107592
-0.525391,0.281250,0.141235,0.023436,0.001065,-0.346211
-0.567017,0.306763,0.149170,-0.108657,0.175769,-0.602940
-0.627197,0.341675,0.166748,-0.285491,0.347276,-0.864995
-0.696777,0.364258,0.168823,-0.461260,0.507066,-1.090831
-0.766846,0.367188,0.178589,-0.581635,0.660464,-1.283644
-0.875732,0.376953,0.211670,-0.694553,0.800014,-1.484979
-1.019287,0.403076,0.231323,-0.793622,0.905475,-1.604289
-1.155884,0.399780,0.218140,-0.821319,0.996023,-1.716142
-1.342529,0.409058,0.201660,-0.703075,1.121724,-1.929195
-1.591919,0.432739,0.204102,-0.484696,1.147290,-2.043178
